model,horizon,mae,rmse,mse,nmae_pct,nrmse_pct,rse,rrse,rae,wape_pct,smape_pct,r2,corr,mbe,tic,count
LightGBM,+1h,0.7927,1.2549,1.5748,3.775,5.9757,0.0721,0.2686,0.2143,21.9443,67.7667,0.9279,0.9639,-0.0338,0.1088,8759
DLinear (AAAI'23),+1h,0.8295,1.3476,1.8159,3.9502,6.4169,0.083,0.2881,0.2238,22.941,66.739,0.917,0.9577,-0.0589,0.1158,8736
CNN-LSTM (Park'22),+1h,0.8527,1.376,1.8933,4.0607,6.5522,0.0865,0.2942,0.2301,23.5826,70.8199,0.9135,0.956,-0.0865,0.1182,8736
LSTM (Hochreiter'97),+1h,0.8546,1.3689,1.874,4.0695,6.5188,0.0856,0.2926,0.2306,23.6334,69.5371,0.9144,0.9564,-0.0843,0.1179,8736
Naive_Persistence,+1h,0.8598,1.4326,2.0523,4.0942,6.8218,0.094,0.3066,0.2324,23.8003,52.2706,0.906,0.953,-0.0006,0.1213,8759
TCN (Bai'18),+1h,0.8659,1.3724,1.8835,4.1233,6.5353,0.0861,0.2934,0.2336,23.946,70.383,0.9139,0.9561,0.0364,0.1171,8736
Transformer (Vaswani'17),+1h,0.8967,1.408,1.9824,4.27,6.7046,0.0906,0.301,0.242,24.7981,70.9868,0.9094,0.9543,-0.085,0.1226,8736
"ARIMA(24,0,0)",+1h,1.3519,2.1098,4.4511,6.4377,10.0465,0.2039,0.4515,0.3654,37.4228,82.4272,0.7961,0.8932,-0.0007,0.1823,8759
Prophet (Meta),+1h,3.2078,4.7391,22.4587,15.2754,22.5669,1.0287,1.0142,0.8671,88.7934,120.5006,-0.0287,0.2747,-1.4899,0.5566,8760
24h_Diurnal_Persistence,+1h,3.6738,5.5397,30.6883,17.4942,26.3795,1.4023,1.1842,0.9912,101.5915,121.4545,-0.4023,0.2964,-0.0227,0.4695,8735
LightGBM,+24h,3.4215,4.4894,20.1549,16.293,21.3782,0.9211,0.9597,0.9232,94.6217,113.9173,0.0789,0.2824,-0.1002,0.4628,8736
Naive_Persistence,+24h,3.5634,5.4338,29.526,16.9686,25.8752,1.3494,1.1616,0.9615,98.5455,119.0983,-0.3494,0.323,-0.0222,0.4606,8736
24h_Diurnal_Persistence,+24h,4.0409,5.9032,34.8483,19.2426,28.1107,1.5899,1.2609,1.0893,111.7067,129.4806,-0.5899,0.2018,-0.0317,0.5003,8712
CNN-LSTM (Park'22),+3h,1.594,2.5724,6.6171,7.5904,12.2494,0.3024,0.5499,0.4301,44.0745,88.7884,0.6976,0.8413,-0.4714,0.2351,8734
LightGBM,+3h,1.5984,2.3521,5.5325,7.6114,11.2006,0.2533,0.5033,0.432,44.2429,87.3074,0.7467,0.8685,-0.0615,0.2137,8757
LSTM (Hochreiter'97),+3h,1.6118,2.5685,6.5973,7.6752,12.2311,0.3015,0.549,0.4349,44.5668,88.2614,0.6985,0.8391,-0.2712,0.2285,8734
TCN (Bai'18),+3h,1.6177,2.5532,6.5189,7.7032,12.1582,0.2979,0.5458,0.4364,44.7294,88.1334,0.7021,0.8408,-0.2946,0.2287,8734
DLinear (AAAI'23),+3h,1.6275,2.5538,6.5219,7.7501,12.1609,0.298,0.5459,0.4391,45.002,87.7364,0.702,0.8397,-0.2491,0.2293,8734
Transformer (Vaswani'17),+3h,1.7368,2.6097,6.8107,8.2707,12.4273,0.3112,0.5579,0.4686,48.0247,89.789,0.6888,0.8306,-0.1094,0.2357,8734
Naive_Persistence,+3h,1.7896,2.8228,7.968,8.522,13.4418,0.3649,0.604,0.4836,49.5364,83.917,0.6351,0.8175,-0.0032,0.239,8757
"ARIMA(24,0,0)",+3h,1.9528,2.8947,8.3795,9.299,13.7844,0.3837,0.6194,0.5277,54.0526,93.3683,0.6163,0.7851,-0.0038,0.2616,8757
24h_Diurnal_Persistence,+3h,3.9268,5.8021,33.6647,18.6989,27.6292,1.5382,1.2402,1.0594,108.5661,126.98,-0.5382,0.2283,-0.0238,0.4917,8733
LightGBM,+6h,2.2516,3.1929,10.1944,10.7217,15.2041,0.4666,0.6831,0.6083,62.3242,98.1369,0.5334,0.7396,-0.0843,0.3045,8754
Naive_Persistence,+6h,2.393,3.8374,14.7257,11.3952,18.2734,0.6741,0.821,0.6465,66.2393,98.4127,0.3259,0.6624,-0.0071,0.3251,8754
24h_Diurnal_Persistence,+6h,4.134,6.0417,36.5016,19.6856,28.7698,1.6674,1.2913,1.1151,114.267,130.766,-0.6674,0.1634,-0.0259,0.512,8730
