mae,rmse,mse,nmae_pct,nrmse_pct,rse,rrse,rae,wape_pct,smape_pct,r2,corr,mbe,tic,count,model,horizon,weather_used,bound_violation_pct,horizon_hours,min_pred_mwh,train_time_sec,mae_median,median_gain_pct,zero_auroc,zero_auprc,zero_brier,zero_ece
2.8323,4.4773,20.0461,13.4873,21.3204,0.917,0.9576,0.7649,78.394,106.714,0.083,0.5401,-0.0133,0.3795,8748.0,Naive Persistence,+12h,False,0.0,,,,,,,,,
4.0798,5.9634,35.5616,19.4275,28.3969,1.6235,1.2742,1.0999,112.7408,130.0457,-0.6235,0.1853,-0.0285,0.5053,8724.0,24h Diurnal Persistence,+12h,False,0.0,,,,,,,,,
3.5634,5.4338,29.526,16.9686,25.8752,1.3494,1.1616,0.9615,98.5455,119.0983,-0.3494,0.323,-0.0222,0.4606,8736.0,Naive Persistence,+24h,False,0.0,,,,,,,,,
4.0409,5.9032,34.8483,19.2426,28.1107,1.5899,1.2609,1.0893,111.7067,129.4806,-0.5899,0.2018,-0.0317,0.5003,8712.0,24h Diurnal Persistence,+24h,False,0.0,,,,,,,,,
2.7911,3.8067,14.4912,13.2909,18.1273,0.6629,0.8142,0.7537,77.2526,105.8514,0.3371,0.5828,-0.0373,0.3708,8748.0,LightGBM (+Weather),+12h,True,0.0,12.0,0.20061374336522475,0.15416479110717773,,,,,,
3.3871,4.4065,19.4172,16.1292,20.9833,0.8874,0.942,0.914,93.6707,113.9258,0.1126,0.3363,-0.0459,0.4507,8736.0,LightGBM (+Weather),+24h,True,0.0,24.0,1.479676035384159,0.0803687572479248,,,,,,
2.5907,3.9421,15.5405,12.3366,18.7721,0.7095,0.8423,0.6985,71.5962,103.9865,0.2905,0.5592,-0.6026,0.3885,8725.0,DLinear (+Weather),+12h,True,0.0,12.0,0.0,6.282002687454224,,,,,,
3.0555,4.6548,21.6667,14.5502,22.1655,0.9885,0.9942,0.8236,84.4544,114.6502,0.0115,0.329,-1.4548,0.5404,8713.0,DLinear (+Weather),+24h,True,0.0,24.0,0.0,3.7004759311676025,,,,,,
2.5208,4.0189,16.1515,12.004,19.1376,0.7374,0.8587,0.6797,69.6655,107.3298,0.2626,0.571,-1.0563,0.4014,8725.0,CNN-LSTM (+Weather),+12h,True,0.0,12.0,0.11156943440437317,3.7559304237365723,,,,,,
3.1544,4.5242,20.4686,15.0208,21.5439,0.9339,0.9664,0.8502,87.1861,114.0083,0.0661,0.3269,-0.8856,0.4906,8713.0,CNN-LSTM (+Weather),+24h,True,0.0,24.0,0.3448216915130615,3.1633310317993164,,,,,,
2.5632,4.0511,16.4116,12.2057,19.2911,0.7493,0.8656,0.6911,70.8365,107.4048,0.2507,0.5648,-1.2232,0.4264,8725.0,LSTM (+Weather),+12h,True,0.0,12.0,0.023920096457004547,3.077556610107422,,,,,,
3.1982,4.8304,23.3325,15.2296,23.0018,1.0645,1.0318,0.8621,88.3978,120.2585,-0.0645,0.2983,-1.2902,0.5094,8713.0,LSTM (+Weather),+24h,True,0.0,24.0,0.0,4.27108097076416,,,,,,
2.5688,3.9597,15.6788,12.2325,18.8555,0.7159,0.8461,0.6926,70.992,104.8085,0.2841,0.5684,-0.8366,0.3942,8725.0,TCN (+Weather),+12h,True,0.0,12.0,0.0,6.7078962326049805,,,,,,
3.0777,4.7248,22.3235,14.6556,22.4989,1.0185,1.0092,0.8296,85.0661,118.5438,-0.0185,0.324,-1.5974,0.5432,8713.0,TCN (+Weather),+24h,True,0.0,24.0,0.0,4.200463056564331,,,,,,
2.6006,4.0145,16.116,12.3838,19.1166,0.7358,0.8578,0.7012,71.8701,106.5794,0.2642,0.5553,-0.8192,0.3965,8725.0,Transformer (+Weather),+12h,True,0.0,12.0,0.0,5.600415945053101,,,,,,
3.0837,4.6678,21.7887,14.6841,22.2278,0.9941,0.997,0.8312,85.2319,117.5659,0.0059,0.3303,-1.4828,0.5361,8713.0,Transformer (+Weather),+24h,True,0.0,24.0,0.0,3.9228057861328125,,,,,,
2.7132,3.8353,,12.9198,,,,,74.9806,,0.3284,0.5754,,,,EMFN v3 (Proposed),+12h,True,0.0,,0.4984300136566162,11.963226318359375,2.564,5.499041721951939,0.7469511568281462,0.32035080147028555,0.12673534452915192,0.047316692164941644
3.3534,4.4211,,15.9686,,,,,92.6871,,0.1082,0.3344,,,,EMFN v3 (Proposed),+24h,True,0.0,,1.1742370128631592,11.754252672195435,3.0814,8.11117075207253,0.6556135337555727,0.24584078995912675,0.13329105079174042,0.04023257080578002
