mae,rmse,mse,nmae_pct,nrmse_pct,rse,rrse,rae,wape_pct,smape_pct,r2,corr,mbe,tic,count,horizon_hours,model,horizon,weather_used,train_time_sec
0.7386,1.1781,1.3879,3.5172,5.61,0.0636,0.2521,0.1996,20.4456,63.534,0.9364,0.9688,-0.0853,0.1025,8759,1,LightGBM (+Weather),+1h,True,
1.472,2.228,4.9638,7.0097,10.6093,0.2273,0.4767,0.3978,40.7456,83.5724,0.7727,0.8861,-0.1706,0.204,8757,3,LightGBM (+Weather),+3h,True,
0.8423,1.3023,1.696,4.0111,6.2015,0.0775,0.2784,0.2273,23.2948,62.5641,0.9225,0.9605,0.0479,0.1112,8736,1,DLinear (+Weather),+1h,True,9.183192014694214
1.5897,2.443,5.9682,7.5702,11.6333,0.2727,0.5222,0.4289,43.9572,84.1726,0.7273,0.8539,-0.1844,0.2198,8734,3,DLinear (+Weather),+3h,True,3.5596048831939697
0.8224,1.3232,1.7507,3.9164,6.3007,0.08,0.2829,0.2219,22.7445,67.0162,0.92,0.9599,-0.1508,0.1135,8736,1,CNN-LSTM (+Weather),+1h,True,12.905454158782959
1.5453,2.4681,6.0915,7.3587,11.7529,0.2783,0.5276,0.4169,42.729,87.8715,0.7217,0.8568,-0.5105,0.2265,8734,3,CNN-LSTM (+Weather),+3h,True,9.51188039779663
0.791,1.2724,1.6189,3.7668,6.0588,0.074,0.272,0.2134,21.876,65.7754,0.926,0.9626,-0.0823,0.1089,8736,1,LSTM (+Weather),+1h,True,7.195034027099609
1.4729,2.3271,5.4155,7.0138,11.0816,0.2475,0.4974,0.3974,40.7263,84.0203,0.7525,0.874,-0.4355,0.2134,8734,3,LSTM (+Weather),+3h,True,6.629279136657715
0.8268,1.3059,1.7055,3.9372,6.2188,0.0779,0.2792,0.2231,22.8653,68.0618,0.9221,0.9605,-0.0397,0.1113,8736,1,TCN (+Weather),+1h,True,9.72757601737976
1.4579,2.3198,5.3816,6.9422,11.0468,0.2459,0.4959,0.3933,40.3106,83.7066,0.7541,0.8724,-0.3722,0.2102,8734,3,TCN (+Weather),+3h,True,13.2992582321167
0.8385,1.3229,1.7499,3.993,6.2993,0.08,0.2828,0.2263,23.1896,65.975,0.92,0.9594,-0.0805,0.1134,8736,1,Transformer (+Weather),+1h,True,11.445545673370361
1.5349,2.433,5.9194,7.309,11.5857,0.2705,0.5201,0.4141,42.4405,83.6595,0.7295,0.8616,-0.4921,0.2241,8734,3,Transformer (+Weather),+3h,True,10.040845394134521
