model,horizon_hours,seed,selection_basis,best_val_crps,best_epoch,stopped_epoch,rounds,validation_raw_std_mwh,validation_clipped_std_mwh,validation_constant_warning
Naive Persistence,1,,fixed_rule_no_selection,,,,,4.265190353083721,4.265190353083721,False
Diurnal Persistence,1,,fixed_rule_no_selection,,,,,4.223566771625068,4.223566771625068,False
Naive Persistence,3,,fixed_rule_no_selection,,,,,4.265698813688315,4.265698813688315,False
Diurnal Persistence,3,,fixed_rule_no_selection,,,,,4.229472546995763,4.229472546995763,False
Naive Persistence,6,,fixed_rule_no_selection,,,,,4.263939939098857,4.263939939098857,False
Diurnal Persistence,6,,fixed_rule_no_selection,,,,,4.238586747363096,4.238586747363096,False
Naive Persistence,9,,fixed_rule_no_selection,,,,,4.2615862219734755,4.2615862219734755,False
Diurnal Persistence,9,,fixed_rule_no_selection,,,,,4.243167845078565,4.243167845078565,False
Naive Persistence,12,,fixed_rule_no_selection,,,,,4.262106562500774,4.262106562500774,False
Diurnal Persistence,12,,fixed_rule_no_selection,,,,,4.248379677074454,4.248379677074454,False
Naive Persistence,24,,fixed_rule_no_selection,,,,,4.240328816402711,4.240328816402711,False
Diurnal Persistence,24,,fixed_rule_no_selection,,,,,4.240328816402711,4.240328816402711,False
ARIMA,1,,validation_crps,0.626200000681678,,,,4.28635914038071,4.069594228549476,False
ARIMA,3,,validation_crps,1.235058672235828,,,,4.283597012962195,3.842940032507833,False
ARIMA,6,,validation_crps,1.5510200122375446,,,,2.7847290938216442,2.493251974406023,False
ARIMA,9,,validation_crps,1.680228545278517,,,,2.249205257142297,1.9667799182356418,False
ARIMA,12,,validation_crps,1.7930197417210667,,,,1.8178918846386543,1.5598284278656358,False
ARIMA,24,,validation_crps,2.1271118981086286,,,,0.7714131347951032,0.6311642152468747,False
Prophet,1,42.0,fixed_configuration_no_selection,,,,,1.7676981424370248,1.7537504277043994,False
Prophet,3,42.0,fixed_configuration_no_selection,,,,,1.7682100341060476,1.7542592715646954,False
Prophet,6,42.0,fixed_configuration_no_selection,,,,,1.7678367155583556,1.7538614162325432,False
Prophet,9,42.0,fixed_configuration_no_selection,,,,,1.7682828398674137,1.754297787051525,False
Prophet,12,42.0,fixed_configuration_no_selection,,,,,1.7700231413691307,1.7560495705276882,False
Prophet,24,42.0,fixed_configuration_no_selection,,,,,1.7748426394256713,1.760878955271206,False
EMFN (Proposed),1,42.0,validation_crps,0.5220544258025541,23.0,30.0,,4.05994176864624,4.05994176864624,False
DLinear (+Weather),1,42.0,validation_crps,0.7584743046006114,18.0,23.0,,4.234573841094971,4.115851879119873,False
LSTM (+Weather),1,42.0,validation_crps,0.7445572891883071,11.0,16.0,,4.083024501800537,4.077155113220215,False
GRU (+Weather),1,42.0,validation_crps,0.7557779738628633,9.0,14.0,,4.091014385223389,4.083719730377197,False
CNN-LSTM (+Weather),1,42.0,validation_crps,0.7699001246162768,12.0,17.0,,4.1547932624816895,4.147130489349365,False
TCN (+Weather),1,42.0,validation_crps,0.8324678633674758,3.0,8.0,,3.9736337661743164,3.9483063220977783,False
Transformer (+Weather),1,42.0,validation_crps,0.7880991736196477,16.0,20.0,,4.105445384979248,4.104777812957764,False
LightGBM (24h matched),1,42.0,validation_crps,0.7723474363306208,,,200.0,3.9677326147140572,3.9674999299860603,False
Quantile LightGBM (24h matched),1,42.0,validation_crps,0.5512473144100676,,,200.0,3.76586325947785,3.7434329317703483,False
Hurdle Quantile LightGBM (24h matched),1,42.0,validation_crps,0.5380244603280304,,,200.0,3.8232573097096796,3.8182934281653345,False
LightGBM (+Weather),1,42.0,validation_crps,0.6726256727167175,,,214.0,4.021329916957965,4.020766723697199,False
EMFN (Proposed),3,42.0,validation_crps,0.9235803165269031,15.0,22.0,,3.7436561584472656,3.7436561584472656,False
DLinear (+Weather),3,42.0,validation_crps,1.390639771839128,7.0,12.0,,3.5569276809692383,3.444301128387451,False
LSTM (+Weather),3,42.0,validation_crps,1.3121500899675709,19.0,24.0,,3.864201784133911,3.8401856422424316,False
GRU (+Weather),3,42.0,validation_crps,1.3178771955045496,16.0,21.0,,3.8572020530700684,3.8429112434387207,False
CNN-LSTM (+Weather),3,42.0,validation_crps,1.341702113015133,8.0,13.0,,3.7597544193267822,3.759334087371826,False
TCN (+Weather),3,42.0,validation_crps,1.2810047429543499,10.0,15.0,,3.7253425121307373,3.7075557708740234,False
Transformer (+Weather),3,42.0,validation_crps,1.3381411039107853,11.0,16.0,,3.7592976093292236,3.7588202953338623,False
LightGBM (24h matched),3,42.0,validation_crps,1.4311461570862678,,,200.0,3.426858718300783,3.4243712735186618,False
Quantile LightGBM (24h matched),3,42.0,validation_crps,0.9870193227111632,,,200.0,3.088059573798164,3.0739023325390327,False
Hurdle Quantile LightGBM (24h matched),3,42.0,validation_crps,0.9630199651723254,,,200.0,3.2182321294445795,3.2168744649031957,False
LightGBM (+Weather),3,42.0,validation_crps,1.2947055253739397,,,199.0,3.4890262740476765,3.4877005741401104,False
EMFN (Proposed),6,42.0,validation_crps,1.1979751159035272,7.0,14.0,,3.1634693145751953,3.1634693145751953,False
DLinear (+Weather),6,42.0,validation_crps,1.6983697432791973,11.0,16.0,,3.4250919818878174,3.2590081691741943,False
LSTM (+Weather),6,42.0,validation_crps,1.7876659550882363,3.0,8.0,,3.273987293243408,3.2693588733673096,False
GRU (+Weather),6,42.0,validation_crps,1.7280931559858401,11.0,16.0,,3.441513776779175,3.4331157207489014,False
CNN-LSTM (+Weather),6,42.0,validation_crps,1.734413091202774,12.0,17.0,,3.61862850189209,3.61862850189209,False
TCN (+Weather),6,42.0,validation_crps,1.6728451354565004,5.0,10.0,,3.4467010498046875,3.425201416015625,False
Transformer (+Weather),6,42.0,validation_crps,1.7020588127773075,8.0,13.0,,3.5184988975524902,3.5184948444366455,False
LightGBM (24h matched),6,42.0,validation_crps,1.835486746841186,,,200.0,3.0082305337659854,3.0070977094084888,False
Quantile LightGBM (24h matched),6,42.0,validation_crps,1.21621202470525,,,200.0,2.602744383150955,2.592581171517437,False
Hurdle Quantile LightGBM (24h matched),6,42.0,validation_crps,1.2028501060983587,,,200.0,2.730114659388267,2.7300094824863854,False
LightGBM (+Weather),6,42.0,validation_crps,1.7761835427431827,,,210.0,3.0644273816685548,3.063261371950787,False
EMFN (Proposed),9,42.0,validation_crps,1.42101656841917,3.0,10.0,,3.026766538619995,3.026766538619995,False
DLinear (+Weather),9,42.0,validation_crps,1.9195497132414925,11.0,16.0,,2.961392641067505,2.863980293273926,False
LSTM (+Weather),9,42.0,validation_crps,2.026119771549626,3.0,8.0,,2.91528058052063,2.9004194736480713,False
GRU (+Weather),9,42.0,validation_crps,1.930084531756927,9.0,14.0,,3.4243366718292236,3.4106717109680176,False
CNN-LSTM (+Weather),9,42.0,validation_crps,2.0100978355294803,5.0,10.0,,2.802868127822876,2.8028671741485596,False
TCN (+Weather),9,42.0,validation_crps,1.9905826736111338,4.0,9.0,,3.004004716873169,2.989043712615967,False
Transformer (+Weather),9,42.0,validation_crps,2.0038193638686255,9.0,14.0,,3.387005090713501,3.387005090713501,False
LightGBM (24h matched),9,42.0,validation_crps,2.167180007411981,,,200.0,2.8047294294076868,2.804604942130083,False
Quantile LightGBM (24h matched),9,42.0,validation_crps,1.398579003553286,,,200.0,2.334420725957738,2.328731742212735,False
Hurdle Quantile LightGBM (24h matched),9,42.0,validation_crps,1.3885242089023624,,,200.0,2.42327556723249,2.4246268216250506,False
LightGBM (+Weather),9,42.0,validation_crps,2.1460101895775376,,,119.0,2.718802555027441,2.718783323638006,False
EMFN (Proposed),12,42.0,validation_crps,1.5263698485412351,2.0,9.0,,2.48356556892395,2.48356556892395,False
DLinear (+Weather),12,42.0,validation_crps,2.0968011157382955,10.0,15.0,,2.8443515300750732,2.748887062072754,False
LSTM (+Weather),12,42.0,validation_crps,2.2026386208461433,5.0,10.0,,2.7693703174591064,2.7691402435302734,False
GRU (+Weather),12,42.0,validation_crps,2.1124709334000875,10.0,15.0,,3.0867698192596436,3.0774855613708496,False
CNN-LSTM (+Weather),12,42.0,validation_crps,2.1266509720314115,4.0,9.0,,2.5350422859191895,2.5350422859191895,False
TCN (+Weather),12,42.0,validation_crps,2.1178624893992044,5.0,10.0,,2.7759861946105957,2.769070625305176,False
Transformer (+Weather),12,42.0,validation_crps,2.164603388919135,9.0,14.0,,2.978834629058838,2.978834629058838,False
LightGBM (24h matched),12,42.0,validation_crps,2.311603139118167,,,200.0,2.6420934668244214,2.6419117419577014,False
Quantile LightGBM (24h matched),12,42.0,validation_crps,1.5171541104947355,,,200.0,2.15571467831531,2.1507696841390684,False
Hurdle Quantile LightGBM (24h matched),12,42.0,validation_crps,1.5132982391458891,,,200.0,2.232219767446183,2.2337876825633214,False
LightGBM (+Weather),12,42.0,validation_crps,2.3437218408252845,,,135.0,2.594519756423013,2.5943130244588652,False
EMFN (Proposed),24,42.0,validation_crps,1.8963432214382498,1.0,8.0,,1.463569164276123,1.463569164276123,False
DLinear (+Weather),24,42.0,validation_crps,2.595334783284967,4.0,9.0,,1.641023874282837,1.590468168258667,False
LSTM (+Weather),24,42.0,validation_crps,2.621514413408603,4.0,9.0,,2.6486244201660156,2.6486244201660156,False
GRU (+Weather),24,42.0,validation_crps,2.605381682187966,9.0,14.0,,1.8210281133651733,1.8206992149353027,False
CNN-LSTM (+Weather),24,42.0,validation_crps,2.6453749758941147,3.0,8.0,,1.894156575202942,1.894156575202942,False
TCN (+Weather),24,42.0,validation_crps,2.6374631697841115,2.0,7.0,,1.7172324657440186,1.6988134384155273,False
Transformer (+Weather),24,42.0,validation_crps,2.660891716783292,2.0,7.0,,1.9628868103027344,1.9618898630142212,False
LightGBM (24h matched),24,42.0,validation_crps,2.8688757409781704,,,100.0,1.6679328172608892,1.6679328172608892,False
Quantile LightGBM (24h matched),24,42.0,validation_crps,1.8169021727022756,,,100.0,1.3439339345654482,1.3417780135290713,False
Hurdle Quantile LightGBM (24h matched),24,42.0,validation_crps,1.818217754138315,,,100.0,1.3598114532170555,1.3609987003784536,False
LightGBM (+Weather),24,42.0,validation_crps,2.905130644942912,,,79.0,1.8493887869558752,1.8493887869558752,False
Prophet,1,2026.0,fixed_configuration_no_selection,,,,,1.7676981424370248,1.7537504277043994,False
Prophet,3,2026.0,fixed_configuration_no_selection,,,,,1.7682100341060476,1.7542592715646954,False
Prophet,6,2026.0,fixed_configuration_no_selection,,,,,1.7678367155583556,1.7538614162325432,False
Prophet,9,2026.0,fixed_configuration_no_selection,,,,,1.7682828398674137,1.754297787051525,False
Prophet,12,2026.0,fixed_configuration_no_selection,,,,,1.7700231413691307,1.7560495705276882,False
Prophet,24,2026.0,fixed_configuration_no_selection,,,,,1.7748426394256713,1.760878955271206,False
EMFN (Proposed),1,2026.0,validation_crps,0.5164726759116849,21.0,28.0,,4.084103107452393,4.084103107452393,False
DLinear (+Weather),1,2026.0,validation_crps,0.7643501257022841,10.0,15.0,,4.200057029724121,4.111927032470703,False
LSTM (+Weather),1,2026.0,validation_crps,0.7322512771554756,21.0,25.0,,4.226940155029297,4.223950386047363,False
GRU (+Weather),1,2026.0,validation_crps,0.7310019268476179,18.0,23.0,,4.153202533721924,4.1464009284973145,False
CNN-LSTM (+Weather),1,2026.0,validation_crps,0.7604746775378496,14.0,19.0,,4.250687122344971,4.226036071777344,False
TCN (+Weather),1,2026.0,validation_crps,0.757988451881568,9.0,14.0,,4.102347373962402,4.076358318328857,False
Transformer (+Weather),1,2026.0,validation_crps,0.7651598970135908,15.0,20.0,,4.132735729217529,4.1228413581848145,False
LightGBM (24h matched),1,2026.0,validation_crps,0.7723474363306208,,,200.0,3.9677326147140572,3.9674999299860603,False
Quantile LightGBM (24h matched),1,2026.0,validation_crps,0.5512473144100676,,,200.0,3.76586325947785,3.7434329317703483,False
Hurdle Quantile LightGBM (24h matched),1,2026.0,validation_crps,0.5380244603280304,,,200.0,3.8232573097096796,3.8182934281653345,False
LightGBM (+Weather),1,2026.0,validation_crps,0.6726256727167175,,,214.0,4.021329916957965,4.020766723697199,False
EMFN (Proposed),3,2026.0,validation_crps,0.925894296223975,9.0,16.0,,3.469484806060791,3.469484806060791,False
DLinear (+Weather),3,2026.0,validation_crps,1.3801290714044212,15.0,20.0,,3.655722141265869,3.536879301071167,False
LSTM (+Weather),3,2026.0,validation_crps,1.331204766331799,12.0,17.0,,3.5709388256073,3.5702719688415527,False
GRU (+Weather),3,2026.0,validation_crps,1.3128100456137233,14.0,19.0,,3.9097306728363037,3.907855749130249,False
CNN-LSTM (+Weather),3,2026.0,validation_crps,1.3555085236823827,11.0,16.0,,4.031266689300537,4.0312581062316895,False
TCN (+Weather),3,2026.0,validation_crps,1.2871834651204104,13.0,18.0,,3.7750775814056396,3.7655138969421387,False
Transformer (+Weather),3,2026.0,validation_crps,1.3162907693177286,19.0,20.0,,4.163476943969727,4.156708717346191,False
LightGBM (24h matched),3,2026.0,validation_crps,1.4311461570862678,,,200.0,3.426858718300783,3.4243712735186618,False
Quantile LightGBM (24h matched),3,2026.0,validation_crps,0.9870193227111632,,,200.0,3.088059573798164,3.0739023325390327,False
Hurdle Quantile LightGBM (24h matched),3,2026.0,validation_crps,0.9630199651723254,,,200.0,3.2182321294445795,3.2168744649031957,False
LightGBM (+Weather),3,2026.0,validation_crps,1.2947055253739397,,,199.0,3.4890262740476765,3.4877005741401104,False
EMFN (Proposed),6,2026.0,validation_crps,1.183034739261879,6.0,13.0,,3.3816559314727783,3.3816559314727783,False
DLinear (+Weather),6,2026.0,validation_crps,1.7006836838213242,14.0,19.0,,3.368950605392456,3.2544310092926025,False
LSTM (+Weather),6,2026.0,validation_crps,1.7582748767889114,10.0,15.0,,3.348381757736206,3.3444840908050537,False
GRU (+Weather),6,2026.0,validation_crps,1.7009333983947632,7.0,12.0,,3.698157548904419,3.6924514770507812,False
CNN-LSTM (+Weather),6,2026.0,validation_crps,1.8492941735458326,2.0,7.0,,3.6346027851104736,3.6345527172088623,False
TCN (+Weather),6,2026.0,validation_crps,1.6307517013610087,9.0,14.0,,3.5553321838378906,3.5291736125946045,False
Transformer (+Weather),6,2026.0,validation_crps,1.6959943217358622,20.0,20.0,,3.755631446838379,3.7510693073272705,False
LightGBM (24h matched),6,2026.0,validation_crps,1.835486746841186,,,200.0,3.0082305337659854,3.0070977094084888,False
Quantile LightGBM (24h matched),6,2026.0,validation_crps,1.21621202470525,,,200.0,2.602744383150955,2.592581171517437,False
Hurdle Quantile LightGBM (24h matched),6,2026.0,validation_crps,1.2028501060983587,,,200.0,2.730114659388267,2.7300094824863854,False
LightGBM (+Weather),6,2026.0,validation_crps,1.7761835427431827,,,210.0,3.0644273816685548,3.063261371950787,False
EMFN (Proposed),9,2026.0,validation_crps,1.418839999020222,3.0,10.0,,3.0859169960021973,3.0859169960021973,False
DLinear (+Weather),9,2026.0,validation_crps,1.9278872759505281,8.0,13.0,,3.1240668296813965,3.0109260082244873,False
LSTM (+Weather),9,2026.0,validation_crps,1.9996865517766529,7.0,12.0,,3.346306085586548,3.346306085586548,False
GRU (+Weather),9,2026.0,validation_crps,1.9694054368349263,5.0,10.0,,3.4792914390563965,3.475461006164551,False
CNN-LSTM (+Weather),9,2026.0,validation_crps,2.039963441368204,4.0,9.0,,3.2506649494171143,3.2389004230499268,False
TCN (+Weather),9,2026.0,validation_crps,1.9214322251173614,6.0,11.0,,3.031402587890625,3.0231447219848633,False
Transformer (+Weather),9,2026.0,validation_crps,1.9536110403320173,7.0,12.0,,2.925419330596924,2.9216480255126953,False
LightGBM (24h matched),9,2026.0,validation_crps,2.167180007411981,,,200.0,2.8047294294076868,2.804604942130083,False
Quantile LightGBM (24h matched),9,2026.0,validation_crps,1.398579003553286,,,200.0,2.334420725957738,2.328731742212735,False
Hurdle Quantile LightGBM (24h matched),9,2026.0,validation_crps,1.3885242089023624,,,200.0,2.42327556723249,2.4246268216250506,False
LightGBM (+Weather),9,2026.0,validation_crps,2.1460101895775376,,,119.0,2.718802555027441,2.718783323638006,False
EMFN (Proposed),12,2026.0,validation_crps,1.550504840807729,4.0,11.0,,3.241142511367798,3.241142511367798,False
DLinear (+Weather),12,2026.0,validation_crps,2.10249901307615,17.0,22.0,,2.8516979217529297,2.716984987258911,False
LSTM (+Weather),12,2026.0,validation_crps,2.2085451628773747,7.0,12.0,,2.756364107131958,2.756364107131958,False
GRU (+Weather),12,2026.0,validation_crps,2.1147956024685572,5.0,10.0,,2.5831689834594727,2.550518751144409,False
CNN-LSTM (+Weather),12,2026.0,validation_crps,2.201611297426155,3.0,8.0,,2.5732500553131104,2.5732500553131104,False
TCN (+Weather),12,2026.0,validation_crps,2.1012632213951052,5.0,10.0,,2.7925772666931152,2.779865264892578,False
Transformer (+Weather),12,2026.0,validation_crps,2.1179744178099447,7.0,12.0,,3.1748740673065186,3.174708604812622,False
LightGBM (24h matched),12,2026.0,validation_crps,2.311603139118167,,,200.0,2.6420934668244214,2.6419117419577014,False
Quantile LightGBM (24h matched),12,2026.0,validation_crps,1.5171541104947355,,,200.0,2.15571467831531,2.1507696841390684,False
Hurdle Quantile LightGBM (24h matched),12,2026.0,validation_crps,1.5132982391458891,,,200.0,2.232219767446183,2.2337876825633214,False
LightGBM (+Weather),12,2026.0,validation_crps,2.3437218408252845,,,135.0,2.594519756423013,2.5943130244588652,False
EMFN (Proposed),24,2026.0,validation_crps,1.8719860660304433,2.0,9.0,,1.540507197380066,1.540507197380066,False
DLinear (+Weather),24,2026.0,validation_crps,2.568522851518435,5.0,10.0,,1.6838430166244507,1.6472803354263306,False
LSTM (+Weather),24,2026.0,validation_crps,2.691932876973284,4.0,9.0,,2.123950481414795,2.123950481414795,False
GRU (+Weather),24,2026.0,validation_crps,2.5964270258728255,4.0,9.0,,1.6660879850387573,1.6660879850387573,False
CNN-LSTM (+Weather),24,2026.0,validation_crps,2.6472705305862636,1.0,6.0,,1.791088581085205,1.791088581085205,False
TCN (+Weather),24,2026.0,validation_crps,2.5887717517751976,3.0,8.0,,2.068657159805298,2.0685620307922363,False
Transformer (+Weather),24,2026.0,validation_crps,2.648110283173926,3.0,8.0,,1.9854553937911987,1.9852441549301147,False
LightGBM (24h matched),24,2026.0,validation_crps,2.8688757409781704,,,100.0,1.6679328172608892,1.6679328172608892,False
Quantile LightGBM (24h matched),24,2026.0,validation_crps,1.8169021727022756,,,100.0,1.3439339345654482,1.3417780135290713,False
Hurdle Quantile LightGBM (24h matched),24,2026.0,validation_crps,1.818217754138315,,,100.0,1.3598114532170555,1.3609987003784536,False
LightGBM (+Weather),24,2026.0,validation_crps,2.905130644942912,,,79.0,1.8493887869558752,1.8493887869558752,False
Prophet,1,3407.0,fixed_configuration_no_selection,,,,,1.7676981424370248,1.7537504277043994,False
Prophet,3,3407.0,fixed_configuration_no_selection,,,,,1.7682100341060476,1.7542592715646954,False
Prophet,6,3407.0,fixed_configuration_no_selection,,,,,1.7678367155583556,1.7538614162325432,False
Prophet,9,3407.0,fixed_configuration_no_selection,,,,,1.7682828398674137,1.754297787051525,False
Prophet,12,3407.0,fixed_configuration_no_selection,,,,,1.7700231413691307,1.7560495705276882,False
Prophet,24,3407.0,fixed_configuration_no_selection,,,,,1.7748426394256713,1.760878955271206,False
EMFN (Proposed),1,3407.0,validation_crps,0.5232529577378561,25.0,32.0,,4.0471391677856445,4.0471391677856445,False
DLinear (+Weather),1,3407.0,validation_crps,0.7998364531225243,7.0,12.0,,4.072970390319824,3.9926912784576416,False
LSTM (+Weather),1,3407.0,validation_crps,0.7307133852911266,15.0,20.0,,4.151551723480225,4.137037754058838,False
GRU (+Weather),1,3407.0,validation_crps,0.7392545246367351,16.0,21.0,,4.22449254989624,4.201805114746094,False
CNN-LSTM (+Weather),1,3407.0,validation_crps,0.78597197438829,8.0,13.0,,4.0665717124938965,4.054872512817383,False
TCN (+Weather),1,3407.0,validation_crps,0.7742559736488235,12.0,17.0,,4.1908111572265625,4.177725315093994,False
Transformer (+Weather),1,3407.0,validation_crps,0.8113983725321645,8.0,13.0,,4.198556423187256,4.185252666473389,False
LightGBM (24h matched),1,3407.0,validation_crps,0.7723474363306208,,,200.0,3.9677326147140572,3.9674999299860603,False
Quantile LightGBM (24h matched),1,3407.0,validation_crps,0.5512473144100676,,,200.0,3.76586325947785,3.7434329317703483,False
Hurdle Quantile LightGBM (24h matched),1,3407.0,validation_crps,0.5380244603280304,,,200.0,3.8232573097096796,3.8182934281653345,False
LightGBM (+Weather),1,3407.0,validation_crps,0.6726256727167175,,,214.0,4.021329916957965,4.020766723697199,False
EMFN (Proposed),3,3407.0,validation_crps,0.9037700504976443,10.0,17.0,,3.893404960632324,3.893404960632324,False
DLinear (+Weather),3,3407.0,validation_crps,1.379211066565759,15.0,20.0,,3.7537736892700195,3.584279775619507,False
LSTM (+Weather),3,3407.0,validation_crps,1.3258541099710848,19.0,24.0,,3.72314453125,3.7219340801239014,False
GRU (+Weather),3,3407.0,validation_crps,1.3237999662421933,13.0,18.0,,3.959523916244507,3.9477286338806152,False
CNN-LSTM (+Weather),3,3407.0,validation_crps,1.3718678141707186,8.0,13.0,,3.481518507003784,3.4750635623931885,False
TCN (+Weather),3,3407.0,validation_crps,1.3006667386182278,11.0,16.0,,3.8018133640289307,3.789933681488037,False
Transformer (+Weather),3,3407.0,validation_crps,1.343676603207801,11.0,16.0,,4.067001819610596,4.05909538269043,False
LightGBM (24h matched),3,3407.0,validation_crps,1.4311461570862678,,,200.0,3.426858718300783,3.4243712735186618,False
Quantile LightGBM (24h matched),3,3407.0,validation_crps,0.9870193227111632,,,200.0,3.088059573798164,3.0739023325390327,False
Hurdle Quantile LightGBM (24h matched),3,3407.0,validation_crps,0.9630199651723254,,,200.0,3.2182321294445795,3.2168744649031957,False
LightGBM (+Weather),3,3407.0,validation_crps,1.2947055253739397,,,199.0,3.4890262740476765,3.4877005741401104,False
EMFN (Proposed),6,3407.0,validation_crps,1.1756402056170527,6.0,13.0,,3.2798805236816406,3.2798805236816406,False
DLinear (+Weather),6,3407.0,validation_crps,1.6995231359817844,15.0,20.0,,3.3024754524230957,3.1401636600494385,False
LSTM (+Weather),6,3407.0,validation_crps,1.7331023877215104,11.0,16.0,,3.1672513484954834,3.1672513484954834,False
GRU (+Weather),6,3407.0,validation_crps,1.6458991133540046,18.0,23.0,,3.5378153324127197,3.519254684448242,False
CNN-LSTM (+Weather),6,3407.0,validation_crps,1.8068078705047568,3.0,8.0,,3.8398630619049072,3.8385839462280273,False
TCN (+Weather),6,3407.0,validation_crps,1.6790778409292098,8.0,13.0,,3.251875162124634,3.24957275390625,False
Transformer (+Weather),6,3407.0,validation_crps,1.806390549970702,3.0,8.0,,3.1978952884674072,3.1592347621917725,False
LightGBM (24h matched),6,3407.0,validation_crps,1.835486746841186,,,200.0,3.0082305337659854,3.0070977094084888,False
Quantile LightGBM (24h matched),6,3407.0,validation_crps,1.21621202470525,,,200.0,2.602744383150955,2.592581171517437,False
Hurdle Quantile LightGBM (24h matched),6,3407.0,validation_crps,1.2028501060983587,,,200.0,2.730114659388267,2.7300094824863854,False
LightGBM (+Weather),6,3407.0,validation_crps,1.7761835427431827,,,210.0,3.0644273816685548,3.063261371950787,False
EMFN (Proposed),9,3407.0,validation_crps,1.4096692453028237,6.0,13.0,,3.06121826171875,3.06121826171875,False
DLinear (+Weather),9,3407.0,validation_crps,1.9147650885807832,18.0,23.0,,3.153944253921509,3.047731637954712,False
LSTM (+Weather),9,3407.0,validation_crps,1.992005551922131,5.0,10.0,,2.9478814601898193,2.9478814601898193,False
GRU (+Weather),9,3407.0,validation_crps,1.959200758688499,4.0,9.0,,3.0733699798583984,3.065973997116089,False
CNN-LSTM (+Weather),9,3407.0,validation_crps,1.967110914178945,5.0,10.0,,3.424790382385254,3.424760341644287,False
TCN (+Weather),9,3407.0,validation_crps,1.9672768780826717,2.0,7.0,,2.903301954269409,2.8947370052337646,False
Transformer (+Weather),9,3407.0,validation_crps,1.9651486006783363,8.0,13.0,,3.2711215019226074,3.24269700050354,False
LightGBM (24h matched),9,3407.0,validation_crps,2.167180007411981,,,200.0,2.8047294294076868,2.804604942130083,False
Quantile LightGBM (24h matched),9,3407.0,validation_crps,1.398579003553286,,,200.0,2.334420725957738,2.328731742212735,False
Hurdle Quantile LightGBM (24h matched),9,3407.0,validation_crps,1.3885242089023624,,,200.0,2.42327556723249,2.4246268216250506,False
LightGBM (+Weather),9,3407.0,validation_crps,2.1460101895775376,,,119.0,2.718802555027441,2.718783323638006,False
EMFN (Proposed),12,3407.0,validation_crps,1.5561129498526012,5.0,12.0,,2.718374013900757,2.718374013900757,False
DLinear (+Weather),12,3407.0,validation_crps,2.0980443858309923,11.0,16.0,,2.806157350540161,2.7026000022888184,False
LSTM (+Weather),12,3407.0,validation_crps,2.1761308132195754,6.0,11.0,,2.889643430709839,2.889643430709839,False
GRU (+Weather),12,3407.0,validation_crps,2.08114156380566,4.0,9.0,,2.59505558013916,2.592818021774292,False
CNN-LSTM (+Weather),12,3407.0,validation_crps,2.2110452466947317,3.0,8.0,,2.9928200244903564,2.990180492401123,False
TCN (+Weather),12,3407.0,validation_crps,2.1128746758235075,7.0,12.0,,3.49184250831604,3.465714454650879,False
Transformer (+Weather),12,3407.0,validation_crps,2.2018377959675153,5.0,10.0,,3.12566876411438,3.124516487121582,False
LightGBM (24h matched),12,3407.0,validation_crps,2.311603139118167,,,200.0,2.6420934668244214,2.6419117419577014,False
Quantile LightGBM (24h matched),12,3407.0,validation_crps,1.5171541104947355,,,200.0,2.15571467831531,2.1507696841390684,False
Hurdle Quantile LightGBM (24h matched),12,3407.0,validation_crps,1.5132982391458891,,,200.0,2.232219767446183,2.2337876825633214,False
LightGBM (+Weather),12,3407.0,validation_crps,2.3437218408252845,,,135.0,2.594519756423013,2.5943130244588652,False
EMFN (Proposed),24,3407.0,validation_crps,1.840193841783753,3.0,10.0,,1.9535291194915771,1.9535291194915771,False
DLinear (+Weather),24,3407.0,validation_crps,2.571071932776873,6.0,11.0,,1.7549132108688354,1.67141592502594,False
LSTM (+Weather),24,3407.0,validation_crps,2.678531514373365,3.0,8.0,,2.063084840774536,2.063084840774536,False
GRU (+Weather),24,3407.0,validation_crps,2.604030812714322,6.0,11.0,,1.7679369449615479,1.766713261604309,False
CNN-LSTM (+Weather),24,3407.0,validation_crps,2.6960288098875784,1.0,6.0,,1.5417817831039429,1.5417817831039429,False
TCN (+Weather),24,3407.0,validation_crps,2.5813224766840515,4.0,9.0,,1.8209189176559448,1.8125431537628174,False
Transformer (+Weather),24,3407.0,validation_crps,2.6106471288884108,7.0,12.0,,2.1600136756896973,2.159839630126953,False
LightGBM (24h matched),24,3407.0,validation_crps,2.8688757409781704,,,100.0,1.6679328172608892,1.6679328172608892,False
Quantile LightGBM (24h matched),24,3407.0,validation_crps,1.8169021727022756,,,100.0,1.3439339345654482,1.3417780135290713,False
Hurdle Quantile LightGBM (24h matched),24,3407.0,validation_crps,1.818217754138315,,,100.0,1.3598114532170555,1.3609987003784536,False
LightGBM (+Weather),24,3407.0,validation_crps,2.905130644942912,,,79.0,1.8493887869558752,1.8493887869558752,False
