model,mean_CRPS_over_six_horizons,seed_SD_of_six_horizon_mean
Hurdle Quantile LightGBM (24h matched),1.4607478433420316,0.0
EMFN (Proposed),1.4641777819397186,0.012573710152765365
Quantile LightGBM (24h matched),1.468862139108052,0.0
ARIMA,1.6967250400467921,
TCN (+Weather),2.025702536645684,0.007937904259926035
GRU (+Weather),2.035207162014522,0.014077334951950547
LSTM (+Weather),2.0707882962530437,0.0030416982127060106
DLinear (+Weather),2.0786231108011664,0.010743957014461859
CNN-LSTM (+Weather),2.090986388871395,0.0072219812983505775
Transformer (+Weather),2.10855651851347,0.02093505286380339
LightGBM (+Weather),2.168919871090431,0.0
LightGBM (24h matched),2.208556510453681,0.0
Naive Persistence,2.348378761309045,
Prophet,3.2145712274332214,0.0
Diurnal Persistence,3.564591162743836,
