model,horizon,weather_used,use_hf_skips,use_selective_gate,regression_mode,mae_canonical,rmse_canonical,nmae_canonical_pct,r2_canonical,corr_canonical,wape_canonical_pct,mae_median,median_gain_pct,zero_auroc,zero_auprc,zero_brier,zero_ece,neg_viol_count,neg_viol_rate_pct,cap_viol_count,cap_viol_rate_pct,bound_violation_pct,min_pred_mwh,max_pred_mwh,train_time_sec,stopped_epoch
Full EMFN v3 (+Weather),+1h,True,True,True,False,0.8078,1.2794,3.8465,0.9252,0.9628,22.3386,0.8067,0.13617231988115747,0.9471536042578419,0.7524494549441783,0.07104413956403732,0.037552240096337945,0,0.0,0,0.0,0.0,0.0069939796812832355,16.904996871948242,30.71328067779541,24
Full EMFN v3 (+Weather),+3h,True,True,True,False,1.5251,2.3239,7.2626,0.7532,0.8712,42.1708,1.4723,3.4620680611107444,0.8893510234130247,0.5784283636864967,0.09555705636739731,0.036629764669842864,0,0.0,0,0.0,0.0,0.07536329329013824,14.820455551147461,17.82247281074524,14
EMFN v3 (Endogenous Only),+1h,False,True,True,False,0.8532,1.3357,4.063,0.9185,0.9586,23.596,0.8138,4.617909048288794,0.9455995072937033,0.715746747335629,0.06892211735248566,0.014903903373170838,0,0.0,0,0.0,0.0,0.05493646860122681,17.913728713989258,39.23082160949707,35
EMFN v3 (Endogenous Only),+3h,False,True,True,False,1.6572,2.4963,7.8916,0.7153,0.8489,45.8234,1.5743,5.002413709872071,0.8753231871007661,0.5339125881839959,0.09881681203842163,0.029223417844695832,0,0.0,0,0.0,0.0,0.14407774806022644,15.344882011413574,33.42596435546875,29
EMFN v3 (w/o HF Skips),+1h,True,False,True,False,0.8265,1.3253,3.9357,0.9197,0.9602,22.8567,0.8294,-0.3508771929824578,0.9475022208237481,0.7525978808394562,0.0694424957036972,0.034273497379707314,0,0.0,0,0.0,0.0,0.002021936932578683,17.368864059448242,37.12422323226929,32
EMFN v3 (w/o HF Skips),+3h,True,False,True,False,1.5,2.3343,7.1428,0.751,0.8744,41.4756,1.4927,0.4866666666666723,0.8868783734093014,0.5601614391495169,0.09639106690883636,0.03802542248282275,0,0.0,0,0.0,0.0,0.027121078222990036,14.442326545715332,18.553725004196167,16
EMFN v3 (w/o Selective Gate),+1h,True,True,False,False,0.8282,1.3106,3.9436,0.9215,0.9617,22.9027,0.8206,0.9176527408838506,0.9238925620151841,0.6513405578220068,0.08436734974384308,0.03428861320073351,0,0.0,0,0.0,0.0,0.0013637491501867771,16.972806930541992,29.772276878356934,26
EMFN v3 (w/o Selective Gate),+3h,True,True,False,False,1.4888,2.29,7.0895,0.7604,0.8728,41.166,1.4578,2.082213863514234,0.8706275222603752,0.5203725072111876,0.10243620723485947,0.030555169531217775,0,0.0,0,0.0,0.0,0.02547750063240528,16.106590270996094,20.23107147216797,17
EMFN v3 (Deterministic Regression),+1h,True,True,True,True,0.7749,1.2535,3.6899,0.9282,0.9644,21.4294,0.7749,0.0,,,,,755,8.642399267399266,0,0.0,8.642399267399266,-0.5823734998703003,18.82291030883789,23.92707371711731,25
EMFN v3 (Deterministic Regression),+3h,True,True,True,True,1.451,2.299,6.9095,0.7585,0.8742,40.1208,1.451,0.0,,,,,153,1.7517746736890314,0,0.0,1.7517746736890314,-0.4921048581600189,18.211719512939453,18.22306513786316,19
