model,horizon,horizon_hours,weather_used,mae,rmse,mse,nmae_pct,nrmse_pct,rse,rrse,rae,wape_pct,smape_pct,r2,corr,mbe,tic,count,bound_violation_pct,min_pred_mwh,max_pred_mwh,train_time_sec,mae_median,median_gain_pct,zero_auroc,zero_auprc,zero_brier,zero_ece
LightGBM (+Weather),+1h,1,True,0.7386,1.1781,1.3879,3.5172,5.61,0.0636,0.2521,0.1996,20.4456,63.534,0.9364,0.9688,-0.0853,0.1025,8759.0,2.774,-0.8101,16.602,0.1545,,,,,,
LSTM (+Weather),+1h,1,True,0.791,1.2724,1.6189,3.7668,6.0588,0.074,0.272,0.2134,21.876,65.7754,0.926,0.9626,-0.0823,0.1089,8736.0,3.4226,-0.1642,17.5965,7.195034027099609,,,,,,
EMFN (Proposed),+1h,1,True,0.8078,1.2794,1.6368,3.8465,6.0922,0.0748,0.2735,0.218,22.3388,70.8675,0.9252,0.9628,-0.1449,0.1113,8736.0,0.0,0.006994650233536959,16.90461540222168,33.97,0.8067,0.13617231988115747,0.9471550432365125,0.7524544897271723,0.0710449069738388,0.03755484870720258
CNN-LSTM (+Weather),+1h,1,True,0.8224,1.3232,1.7507,3.9164,6.3007,0.08,0.2829,0.2219,22.7445,67.0162,0.92,0.9599,-0.1508,0.1135,8736.0,9.9588,-0.1117,16.415,12.90545415878296,,,,,,
TCN (+Weather),+1h,1,True,0.8268,1.3059,1.7055,3.9372,6.2188,0.0779,0.2792,0.2231,22.8653,68.0618,0.9221,0.9605,-0.0397,0.1113,8736.0,6.7422,-0.4907,20.0402,9.72757601737976,,,,,,
Transformer (+Weather),+1h,1,True,0.8385,1.3229,1.7499,3.993,6.2993,0.08,0.2828,0.2263,23.1896,65.975,0.92,0.9594,-0.0805,0.1134,8736.0,0.0,0.092,17.6267,11.44554567337036,,,,,,
DLinear (+Weather),+1h,1,True,0.8423,1.3023,1.696,4.0111,6.2015,0.0775,0.2784,0.2273,23.2948,62.5641,0.9225,0.9605,0.0479,0.1112,8736.0,14.6978,-3.0427,20.3331,9.183192014694214,,,,,,
Naive Persistence,+1h,1,False,0.8598,1.4326,2.0523,4.0942,6.8218,0.094,0.3066,0.2324,23.8003,52.2706,0.906,0.953,-0.0006,0.1213,8759.0,0.0,0.0,20.08,0.0,,,,,,
24h Diurnal Persistence,+1h,1,False,3.6738,5.5397,30.6883,17.4942,26.3795,1.4023,1.1842,0.9912,101.5915,121.4545,-0.4023,0.2964,-0.0227,0.4695,8735.0,0.0,0.0,20.08,0.0,,,,,,
TCN (+Weather),+3h,3,True,1.4579,2.3198,5.3816,6.9422,11.0468,0.2459,0.4959,0.3933,40.3106,83.7066,0.7541,0.8724,-0.3722,0.2102,8734.0,8.6444,-0.6124,18.9086,13.2992582321167,,,,,,
LightGBM (+Weather),+3h,3,True,1.472,2.228,4.9638,7.0097,10.6093,0.2273,0.4767,0.3978,40.7456,83.5724,0.7727,0.8861,-0.1706,0.204,8757.0,0.5479,-0.1303,15.7937,0.132,,,,,,
LSTM (+Weather),+3h,3,True,1.4729,2.3271,5.4155,7.0138,11.0816,0.2475,0.4974,0.3974,40.7263,84.0203,0.7525,0.874,-0.4355,0.2134,8734.0,8.3696,-0.3757,19.0895,6.629279136657715,,,,,,
EMFN (Proposed),+3h,3,True,1.5095,2.3239,5.4004,7.1879,11.0661,0.2468,0.4967,0.4073,41.7374,86.0644,0.7532,0.8711,-0.2634,0.211,8734.0,0.0,0.04921535775065422,15.539483070373535,19.63,1.4832,1.7422987744286178,0.8856343237751324,0.5624393684457405,0.0989266112446785,0.050297435406337
Transformer (+Weather),+3h,3,True,1.5349,2.433,5.9194,7.309,11.5857,0.2705,0.5201,0.4141,42.4405,83.6595,0.7295,0.8616,-0.4921,0.2241,8734.0,0.0,0.0428,17.0148,10.04084539413452,,,,,,
CNN-LSTM (+Weather),+3h,3,True,1.5453,2.4681,6.0915,7.3587,11.7529,0.2783,0.5276,0.4169,42.729,87.8715,0.7217,0.8568,-0.5105,0.2265,8734.0,0.0,0.0088,16.9162,9.51188039779663,,,,,,
DLinear (+Weather),+3h,3,True,1.5897,2.443,5.9682,7.5702,11.6333,0.2727,0.5222,0.4289,43.9572,84.1726,0.7273,0.8539,-0.1844,0.2198,8734.0,14.621,-3.1194,19.4368,3.5596048831939697,,,,,,
Naive Persistence,+3h,3,False,1.7896,2.8228,7.968,8.522,13.4418,0.3649,0.604,0.4836,49.5364,83.917,0.6351,0.8175,-0.0032,0.239,8757.0,0.0,0.0,20.08,0.0,,,,,,
24h Diurnal Persistence,+3h,3,False,3.9268,5.8021,33.6647,18.6989,27.6292,1.5382,1.2402,1.0594,108.5661,126.98,-0.5382,0.2283,-0.0238,0.4917,8733.0,0.0,0.0,20.08,0.0,,,,,,
TCN (+Weather),+6h,6,True,1.962,3.1367,9.8387,9.3428,14.9365,0.4495,0.6704,0.5293,54.2333,95.1533,0.5505,0.7591,-0.7344,0.3025,8731.0,0.0,0.0,21.0,10.13357400894165,,,,,,
Transformer (+Weather),+6h,6,True,2.0021,3.1515,9.9318,9.5339,15.0071,0.4537,0.6736,0.5401,55.3431,94.7679,0.5463,0.7464,-0.4672,0.2939,8731.0,0.0,0.0,21.0,10.062647104263306,,,,,,
EMFN (Proposed),+6h,6,True,2.0264,3.0337,9.2036,9.6494,14.4464,0.4205,0.6484,0.5466,56.0133,93.6644,0.5795,0.7615,-0.0199,0.2747,8731.0,0.0,0.2777366638183594,14.118000030517578,15.02,1.9265,4.929924990130285,0.820707156523083,0.43765229058436916,0.11212952435016632,0.027163060099763738
DLinear (+Weather),+6h,6,True,2.0288,3.1977,10.2252,9.6607,15.2271,0.4671,0.6835,0.5473,56.0793,92.1446,0.5329,0.7398,-0.5348,0.3068,8731.0,0.0,0.0,21.0,4.846180438995361,,,,,,
LSTM (+Weather),+6h,6,True,2.037,3.2668,10.6723,9.7,15.5564,0.4876,0.6983,0.5495,56.3068,96.9339,0.5124,0.7345,-0.7683,0.3152,8731.0,0.0,0.0639173090457916,21.0,6.8406267166137695,,,,,,
LightGBM (+Weather),+6h,6,True,2.0758,3.0298,9.1795,9.8849,14.4274,0.4229,0.6503,0.5642,57.9819,95.377,0.5771,0.7677,-0.1792,0.2893,8586.0,0.0,0.0,21.0,0.1544611454010009,,,,,,
CNN-LSTM (+Weather),+6h,6,True,2.1273,3.3524,11.2387,10.1298,15.9639,0.5134,0.7165,0.5738,58.8021,97.7222,0.4866,0.7098,-0.6046,0.3198,8731.0,0.0,0.1352718919515609,21.0,5.7356908321380615,,,,,,
Naive Persistence,+6h,6,False,2.393,3.8374,14.7257,11.3952,18.2734,0.6741,0.821,0.6465,66.2393,98.4127,0.3259,0.6624,-0.0071,0.3251,8754.0,0.0,0.0,21.0,0.0,,,,,,
24h Diurnal Persistence,+6h,6,False,3.5634,5.4338,29.526,16.9686,25.8752,1.3494,1.1616,0.9615,98.5455,119.0983,-0.3494,0.323,-0.0222,0.4606,8736.0,0.0,0.0,21.0,0.0,,,,,,
TCN (+Weather),+9h,9,True,2.3331,3.6113,13.0418,11.1098,17.1969,0.5956,0.7718,0.6292,64.4868,101.9154,0.4044,0.6544,-0.7022,0.3518,8728.0,0.0,0.0,21.0,5.387045621871948,,,,,,
LSTM (+Weather),+9h,9,True,2.3604,3.771,14.2208,11.2398,17.9574,0.6495,0.8059,0.6365,65.2415,104.121,0.3505,0.6421,-1.1573,0.3884,8728.0,0.0,0.0026676803827285,21.0,4.556448698043823,,,,,,
CNN-LSTM (+Weather),+9h,9,True,2.3655,3.6987,13.6805,11.2641,17.613,0.6248,0.7904,0.6379,65.3824,102.5229,0.3752,0.6354,-0.7332,0.36,8728.0,0.0,0.0,21.0,5.327881813049316,,,,,,
DLinear (+Weather),+9h,9,True,2.3713,3.6727,13.489,11.292,17.4892,0.616,0.7849,0.6395,65.5445,102.1117,0.384,0.634,-0.5849,0.356,8728.0,0.0,0.0,21.0,6.6225645542144775,,,,,,
EMFN (Proposed),+9h,9,True,2.3874,3.5367,12.508,11.3687,16.8413,0.5712,0.7558,0.6438,65.9896,100.1676,0.4288,0.6677,-0.5165,0.3504,8728.0,0.0,0.24790990352630615,12.565970420837402,14.12,2.3173,2.9362486386864397,0.7819691851797218,0.3668264595557742,0.12028517574071884,0.038413245500663794
Transformer (+Weather),+9h,9,True,2.3924,3.8486,14.8115,11.3924,18.3265,0.6764,0.8225,0.6452,66.1273,106.9381,0.3236,0.621,-1.0167,0.3753,8728.0,0.0,0.0,21.0,7.166672945022583,,,,,,
LightGBM (+Weather),+9h,9,True,2.4779,3.4774,12.0924,11.7993,16.5591,0.557,0.7463,0.6736,69.2363,102.0657,0.443,0.6741,-0.1445,0.3402,8583.0,0.0,0.456294776066064,21.0,0.112912893295288,,,,,,
Naive Persistence,+9h,9,False,2.6409,4.1892,17.5497,12.5757,19.9488,0.8031,0.8961,0.7133,73.1092,105.0652,0.1969,0.5974,-0.0102,0.355,8751.0,0.0,0.0,21.0,0.0,,,,,,
24h Diurnal Persistence,+9h,9,False,3.5634,5.4338,29.526,16.9686,25.8752,1.3494,1.1616,0.9615,98.5455,119.0983,-0.3494,0.323,-0.0222,0.4606,8736.0,0.0,0.0,21.0,0.0,,,,,,
CNN-LSTM (+Weather),+12h,12,True,2.5208,4.0189,16.1515,12.004,19.1376,0.7374,0.8587,0.6797,69.6655,107.3298,0.2626,0.571,-1.0563,0.4014,8725.0,0.0,0.1115694344043731,21.0,3.755930423736572,,,,,,
LSTM (+Weather),+12h,12,True,2.5632,4.0511,16.4116,12.2057,19.2911,0.7493,0.8656,0.6911,70.8365,107.4048,0.2507,0.5648,-1.2232,0.4264,8725.0,0.0,0.0239200964570045,21.0,3.077556610107422,,,,,,
TCN (+Weather),+12h,12,True,2.5688,3.9597,15.6788,12.2325,18.8555,0.7159,0.8461,0.6926,70.992,104.8085,0.2841,0.5684,-0.8366,0.3942,8725.0,0.0,0.0,21.0,6.7078962326049805,,,,,,
DLinear (+Weather),+12h,12,True,2.5907,3.9421,15.5405,12.3366,18.7721,0.7095,0.8423,0.6985,71.5962,103.9865,0.2905,0.5592,-0.6026,0.3885,8725.0,0.0,0.0,21.0,6.282002687454224,,,,,,
Transformer (+Weather),+12h,12,True,2.6006,4.0145,16.116,12.3838,19.1166,0.7358,0.8578,0.7012,71.8701,106.5794,0.2642,0.5553,-0.8192,0.3965,8725.0,0.0,0.0,21.0,5.600415945053101,,,,,,
EMFN (Proposed),+12h,12,True,2.7132,3.8353,14.7096,12.9199,18.2634,0.6716,0.8195,0.7315,74.9811,105.3327,0.3284,0.5754,-0.0928,0.3655,8725.0,0.0,0.4985007643699646,12.448217391967773,11.96,2.564,5.499041721951939,0.7469576419909584,0.3203493023169809,0.12673313915729523,0.047286575831109956
LightGBM (+Weather),+12h,12,True,2.7911,3.8067,14.4912,13.2909,18.1273,0.6629,0.8142,0.7537,77.2526,105.8514,0.3371,0.5828,-0.0373,0.3708,8748.0,0.0,0.2006137433652247,21.0,0.1541647911071777,,,,,,
Naive Persistence,+12h,12,False,2.8323,4.4773,20.0461,13.4873,21.3204,0.917,0.9576,0.7649,78.394,106.714,0.083,0.5401,-0.0133,0.3795,8748.0,0.0,0.0,21.0,0.0,,,,,,
24h Diurnal Persistence,+12h,12,False,4.0798,5.9634,35.5616,19.4275,28.3969,1.6235,1.2742,1.0999,112.7408,130.0457,-0.6235,0.1853,-0.0285,0.5053,8724.0,0.0,0.0,21.0,0.0,,,,,,
DLinear (+Weather),+24h,24,True,3.0555,4.6548,21.6667,14.5502,22.1655,0.9885,0.9942,0.8236,84.4544,114.6502,0.0115,0.329,-1.4548,0.5404,8713.0,0.0,0.0,21.0,3.7004759311676025,,,,,,
TCN (+Weather),+24h,24,True,3.0777,4.7248,22.3235,14.6556,22.4989,1.0185,1.0092,0.8296,85.0661,118.5438,-0.0185,0.324,-1.5974,0.5432,8713.0,0.0,0.0,21.0,4.200463056564331,,,,,,
Transformer (+Weather),+24h,24,True,3.0837,4.6678,21.7887,14.6841,22.2278,0.9941,0.997,0.8312,85.2319,117.5659,0.0059,0.3303,-1.4828,0.5361,8713.0,0.0,0.0,21.0,3.922805786132813,,,,,,
CNN-LSTM (+Weather),+24h,24,True,3.1544,4.5242,20.4686,15.0208,21.5439,0.9339,0.9664,0.8502,87.1861,114.0083,0.0661,0.3269,-0.8856,0.4906,8713.0,0.0,0.3448216915130615,21.0,3.1633310317993164,,,,,,
LSTM (+Weather),+24h,24,True,3.1982,4.8304,23.3325,15.2296,23.0018,1.0645,1.0318,0.8621,88.3978,120.2585,-0.0645,0.2983,-1.2902,0.5094,8713.0,0.0,0.0,21.0,4.27108097076416,,,,,,
EMFN (Proposed),+24h,24,True,3.3534,4.4211,19.5465,15.9687,21.053,0.8918,0.9443,0.9039,92.688,113.4702,0.1082,0.3344,-0.0741,0.4462,8713.0,0.0,1.1742056608200073,8.822128295898438,11.75,3.0814,8.11117075207253,0.6556089144898858,0.24584117245334486,0.13329064846038818,0.040226074470713545
LightGBM (+Weather),+24h,24,True,3.3871,4.4065,19.4172,16.1292,20.9833,0.8874,0.942,0.914,93.6707,113.9258,0.1126,0.3363,-0.0459,0.4507,8736.0,0.0,1.479676035384159,21.0,0.0803687572479248,,,,,,
Naive Persistence,+24h,24,False,3.5634,5.4338,29.526,16.9686,25.8752,1.3494,1.1616,0.9615,98.5455,119.0983,-0.3494,0.323,-0.0222,0.4606,8736.0,0.0,0.0,21.0,0.0,,,,,,
24h Diurnal Persistence,+24h,24,False,4.0409,5.9032,34.8483,19.2426,28.1107,1.5899,1.2609,1.0893,111.7067,129.4806,-0.5899,0.2018,-0.0317,0.5003,8712.0,0.0,0.0,21.0,0.0,,,,,,
