year_month,total_mwh,mean_mwh,max_mwh,valid_hours,zero_hours,zero_ratio_pct
2023-01,3509.72,4.7237,16.1214,743,68,9.15
2023-02,2873.96,4.2767,16.3888,672,95,14.14
2023-03,2170.84,2.9178,16.2916,744,157,21.1
2023-04,2872.52,3.9896,19.5256,720,94,13.06
2023-05,2318.66,3.1165,18.5773,744,155,20.83
2023-06,1592.12,2.2113,16.8995,720,163,22.64
2023-07,3507.99,4.715,19.9876,744,67,9.01
2023-08,1774.18,2.3846,17.4101,744,179,24.06
2023-09,1133.87,1.5748,16.1943,720,191,26.53
2023-10,1916.57,2.576,18.8691,744,171,22.98
2023-11,3763.52,5.2271,18.6745,720,51,7.08
2023-12,3885.47,5.2224,19.6715,744,52,6.99
2024-01,3802.26,5.1106,17.3615,744,77,10.35
2024-02,3168.64,4.5526,19.2824,696,151,21.7
2024-03,3638.3,4.8902,20.1092,744,136,18.28
2024-04,1608.98,2.2347,19.404,720,219,30.42
2024-05,2374.66,3.1917,19.4526,744,187,25.13
2024-06,1319.84,1.8331,13.8357,720,178,24.72
2024-07,3477.23,4.6737,16.8022,744,69,9.27
2024-08,959.84,1.2901,14.9542,744,301,40.46
2024-09,1335.86,1.8554,17.0454,720,281,39.03
2024-10,1952.75,2.6247,17.0697,744,161,21.64
2024-11,3022.89,4.1985,19.5013,720,128,17.78
2024-12,4217.7,5.6689,19.4769,744,42,5.65
2025-01,3490.22,4.6911,17.7992,744,65,8.74
2025-02,5173.48,7.6986,20.1092,672,46,6.85
2025-03,2785.59,3.7441,19.3067,744,115,15.46
2025-04,3088.4,4.2894,18.5773,720,81,11.25
2025-05,2459.1,3.3052,18.8204,744,152,20.43
2025-06,1800.46,2.5006,16.0727,720,163,22.64
2025-07,2042.87,2.7458,16.632,744,145,19.49
2025-08,1146.12,1.5405,16.8022,744,186,25.0
2025-09,759.48,1.0548,11.6716,720,203,28.19
2025-10,1861.74,2.5023,18.1639,744,140,18.82
2025-11,2742.5,3.809,19.1122,720,87,12.08
2025-12,4297.23,5.7758,19.0879,744,43,5.78
2026-01,5088.05,7.0569,18.9906,721,31,4.3
2026-02,2682.42,4.3057,15.8296,623,89,14.29
2026-03,2083.79,2.8901,14.9542,721,57,7.91
