model,horizon,horizon_hours,weather_used,mae,nmae_pct,rmse,nrmse_pct,r2,corr,crps,picp_90_pct,pinaw_90_pct,winkler_score_90,imbalance_loss_mwh,mae_ramp,rmse_ramp,corr_ramp,vpr_pct,bound_violation_pct,integrated_negative_mwh,mae_cut_in,zero_f1,zero_balanced_acc,min_pred_mwh,max_pred_mwh,mae_median,median_gain_pct,zero_auroc,zero_auprc,zero_brier,zero_ece,wape_pct,smape_pct,mape_nonzero_pct,rse,rrse,rae,mbe,tic,count,train_time_sec
LightGBM (+Weather),+1h,1,True,0.7386,3.5172,1.1781,5.61,0.9364,0.9688,0.7386,,,,0.9446,0.9232,1.4874,0.4229,92.72,0.0,0.0,0.5764,0.1881,0.5507,0.0,18.4351,,,,,,,20.4456,63.534,87.02,0.0636,0.2521,0.1996,-0.0853,0.1025,8759,0.2
LSTM (+Weather),+1h,1,True,0.7738,3.6849,1.2533,5.968,0.9282,0.9639,0.7738,,,,1.0024,1.0334,1.6877,0.32,96.83,0.0,0.0,0.6461,0.5168,0.6852,0.0,18.2995,,,,,,,21.4002,60.6965,73.75,0.0718,0.2679,0.2088,-0.1405,0.1078,8736,7.78
EMFN (Proposed),+1h,1,True,0.8078,3.8465,1.2794,6.0922,0.9252,0.9628,0.5806,91.46,16.46,4.5695,1.0459,0.9568,1.5597,0.3683,93.4,0.0,0.0,0.6658,0.0,0.5,0.007,16.9046,0.8067,0.14,0.9472,0.7525,0.071,0.1447,22.3388,70.8675,81.77,0.0748,0.2735,0.218,-0.1449,0.1113,8736,33.97
TCN (+Weather),+1h,1,True,0.8297,3.9512,1.3142,6.2583,0.9211,0.9605,0.8297,,,,1.0745,1.013,1.6194,0.3201,93.77,0.0,0.0,0.6904,0.2286,0.5628,0.0,18.7226,,,,,,,22.9465,68.4529,87.5,0.0789,0.281,0.2239,-0.1494,0.1142,8736,12.97
Transformer (+Weather),+1h,1,True,0.8392,3.9961,1.3194,6.2828,0.9204,0.9595,0.8392,,,,1.0583,0.9558,1.5614,0.3406,97.08,0.0,0.0,0.6944,0.0248,0.5058,0.0,17.3148,,,,,,,23.2074,72.2835,85.83,0.0796,0.2821,0.2264,-0.0374,0.1128,8736,12.24
CNN-LSTM (+Weather),+1h,1,True,0.8485,4.0402,1.3479,6.4186,0.917,0.9593,0.8485,,,,1.1261,1.0014,1.6647,0.3198,94.76,0.0,0.0,0.7199,0.0772,0.519,0.0,16.7187,,,,,,,23.4638,74.3981,75.95,0.083,0.2881,0.2289,-0.2621,0.1175,8736,9.35
DLinear (+Weather),+1h,1,True,0.8519,4.0569,1.3217,6.294,0.9202,0.9595,0.8519,,,,1.0435,1.1292,1.7488,0.2783,97.38,0.0,0.0,0.7152,0.5529,0.7262,0.0,20.19,,,,,,,23.5604,62.8751,111.76,0.0798,0.2826,0.2299,0.0856,0.1122,8736,6.68
Naive Persistence,+1h,1,False,0.8598,4.0942,1.4326,6.8218,0.906,0.953,0.8598,,,,1.0749,1.1166,1.7743,0.2329,99.99,0.0,0.0,0.6882,0.7244,0.8354,0.0,20.1092,,,,,,,23.8003,52.2706,79.99,0.094,0.3066,0.2324,-0.0006,0.1213,8759,0.0
GRU (+Weather),+1h,1,True,3.616,17.2191,5.9124,28.1545,-0.5976,0.0,3.616,,,,5.424,0.8603,1.4338,0.0,0.0,0.0,0.0,1.9775,0.2807,0.5,0.0,0.0,,,,,,,100.0,167.353,100.0,1.5976,1.2639,0.9757,-3.616,1.0,8736,2.61
24h Diurnal Persistence,+1h,1,False,3.6738,17.4942,5.5397,26.3795,-0.4023,0.2964,3.6738,,,,4.5979,1.3021,1.9355,0.088,99.65,0.0,0.0,2.9954,0.2496,0.5516,0.0,20.1092,,,,,,,101.5915,121.4545,667.0,1.4023,1.1842,0.9912,-0.0227,0.4695,8735,0.0
LSTM (+Weather),+3h,3,True,1.4702,7.0009,2.319,11.0429,0.7543,0.8717,1.4702,,,,1.9247,1.0189,1.6453,0.1486,86.57,0.0,0.0,1.1637,0.0014,0.5,0.0,17.4467,,,,,,,40.6514,84.9829,170.11,0.2457,0.4957,0.3967,-0.348,0.2086,8734,5.47
LightGBM (+Weather),+3h,3,True,1.472,7.0097,2.228,10.6093,0.7727,0.8861,1.472,,,,1.8827,1.0314,1.5968,0.2478,78.03,0.0,0.0,1.1052,0.0674,0.5137,0.0,16.2615,,,,,,,40.7456,83.5724,227.33,0.2273,0.4767,0.3978,-0.1706,0.204,8757,0.23
TCN (+Weather),+3h,3,True,1.4816,7.0555,2.3285,11.0881,0.7523,0.8694,1.4816,,,,1.9221,1.1432,1.8002,0.0989,87.44,0.0,0.0,1.146,0.0232,0.5043,0.0,19.6156,,,,,,,40.9683,85.8455,177.48,0.2477,0.4977,0.3997,-0.2801,0.2081,8734,12.81
CNN-LSTM (+Weather),+3h,3,True,1.4926,7.1077,2.3902,11.3821,0.7389,0.8671,1.4926,,,,1.9902,0.9946,1.6079,0.1395,82.74,0.0,0.0,1.1528,0.0701,0.5163,0.0,15.567,,,,,,,41.2717,86.4434,153.08,0.2611,0.5109,0.4027,-0.4976,0.2196,8734,9.56
EMFN (Proposed),+3h,3,True,1.5095,7.1879,2.3239,11.0661,0.7532,0.8711,1.0558,91.42,27.78,8.042,1.9527,1.046,1.661,0.1489,82.2,0.0,0.0,1.1835,0.0,0.5,0.0492,15.5395,1.4832,1.74,0.8856,0.5624,0.0989,0.2081,41.7374,86.0644,194.4,0.2468,0.4967,0.4073,-0.2634,0.211,8734,19.63
Transformer (+Weather),+3h,3,True,1.5348,7.3084,2.411,11.4811,0.7344,0.8636,1.5348,,,,2.0283,1.0368,1.6537,0.1458,81.3,0.0,0.0,1.1811,0.0028,0.5007,0.0,15.1251,,,,,,,42.4371,87.3276,174.4,0.2656,0.5154,0.4141,-0.4392,0.2218,8734,11.41
DLinear (+Weather),+3h,3,True,1.5581,7.4196,2.4273,11.5583,0.7308,0.8556,1.5581,,,,1.9777,1.1769,1.8086,0.0379,87.86,0.0,0.0,1.245,0.4974,0.7065,0.0,18.6359,,,,,,,43.0829,81.5999,210.14,0.2692,0.5188,0.4204,-0.1201,0.2146,8734,4.86
Naive Persistence,+3h,3,False,1.7896,8.522,2.8228,13.4418,0.6351,0.8175,1.7896,,,,2.2378,1.345,2.1325,-0.1084,99.93,0.0,0.0,1.4327,0.5645,0.7399,0.0,20.1092,,,,,,,49.5364,83.917,196.09,0.3649,0.604,0.4836,-0.0032,0.239,8757,0.0
GRU (+Weather),+3h,3,True,3.6166,17.2218,5.9131,28.1576,-0.5976,0.0,3.6166,,,,5.4249,0.8604,1.4339,0.0,0.0,0.0,0.0,1.978,0.2807,0.5,0.0,0.0,,,,,,,100.0,167.3455,100.0,1.5976,1.264,0.9757,-3.6166,1.0,8734,2.5
24h Diurnal Persistence,+3h,3,False,3.9268,18.6989,5.8021,27.6292,-0.5382,0.2283,3.9268,,,,4.9144,1.4108,2.1034,-0.0769,99.65,0.0,0.0,3.2912,0.2356,0.5432,0.0,20.1092,,,,,,,108.5661,126.98,739.05,1.5382,1.2402,1.0594,-0.0238,0.4917,8733,0.0
TCN (+Weather),+6h,6,True,2.0024,9.5351,3.2384,15.421,0.5209,0.7491,2.0024,,,,2.7253,1.0569,1.6569,0.1236,68.46,0.0,0.0,1.3292,0.0527,0.5083,0.0,16.8462,,,,,,,55.3498,96.3603,229.21,0.4791,0.6922,0.5402,-0.8896,0.32,8731,8.78
EMFN (Proposed),+6h,6,True,2.0264,9.6494,3.0337,14.4464,0.5795,0.7615,1.3852,91.88,37.13,10.8604,2.5379,1.0168,1.605,0.1227,78.09,0.0,0.0,1.6153,0.0,0.5,0.2777,14.118,1.9265,4.93,0.8207,0.4377,0.1121,0.2318,56.0133,93.6644,350.72,0.4205,0.6484,0.5466,-0.0199,0.2747,8731,15.02
CNN-LSTM (+Weather),+6h,6,True,2.0694,9.8544,3.3017,15.7223,0.502,0.7267,2.0694,,,,2.7741,1.0204,1.6278,0.0034,74.89,0.0,0.0,1.5542,0.3567,0.612,0.0,14.8783,,,,,,,57.2036,95.9809,232.11,0.498,0.7057,0.5582,-0.7494,0.3162,8731,3.88
LSTM (+Weather),+6h,6,True,2.0838,9.9231,3.2657,15.5511,0.5128,0.7265,2.0838,,,,2.7481,0.9816,1.5739,0.1113,72.74,0.0,0.0,1.5285,0.0,0.5,0.0942,15.5039,,,,,,,57.6021,96.5606,277.41,0.4872,0.698,0.5621,-0.573,0.3116,8731,6.79
DLinear (+Weather),+6h,6,True,2.0846,9.9266,3.2085,15.2783,0.5297,0.7315,2.0846,,,,2.6913,1.1273,1.6778,0.0646,72.78,0.0,0.0,1.4943,0.3023,0.5849,0.0,16.2991,,,,,,,57.6224,95.4792,326.64,0.4703,0.6858,0.5623,-0.3424,0.3016,8731,4.65
Transformer (+Weather),+6h,6,True,2.0877,9.9416,3.3105,15.7643,0.4993,0.719,2.0877,,,,2.706,1.082,1.7249,0.1242,82.29,0.0,0.0,1.5784,0.0028,0.5002,0.0,16.1447,,,,,,,57.7096,96.4422,262.45,0.5007,0.7076,0.5632,-0.3854,0.3026,8731,11.41
LightGBM (+Weather),+6h,6,True,2.0988,9.9944,3.0792,14.6628,0.566,0.7599,2.0988,,,,2.6747,1.0749,1.6369,0.1906,66.22,0.0,0.0,1.5444,0.0283,0.505,0.0,15.3018,,,,,,,58.0964,94.8978,367.83,0.434,0.6588,0.567,-0.2046,0.2929,8754,0.26
GRU (+Weather),+6h,6,True,2.1192,10.0917,3.3632,16.0152,0.4833,0.726,2.1192,,,,2.8844,1.0261,1.6223,0.0413,66.88,0.0,0.0,1.4942,0.3568,0.6133,0.0,15.8947,,,,,,,58.5807,96.7797,234.92,0.5167,0.7188,0.5717,-0.9415,0.3353,8731,5.44
Naive Persistence,+6h,6,False,2.393,11.3952,3.8374,18.2734,0.3259,0.6624,2.393,,,,2.993,1.3821,2.1647,-0.1418,99.82,0.0,0.0,1.9314,0.467,0.6817,0.0,20.1092,,,,,,,66.2393,98.4127,311.98,0.6741,0.821,0.6465,-0.0071,0.3251,8754,0.0
24h Diurnal Persistence,+6h,6,False,4.134,19.6856,6.0417,28.7698,-0.6674,0.1634,4.134,,,,5.1739,1.4309,2.1274,-0.1015,99.65,0.0,0.0,3.5823,0.2244,0.5365,0.0,20.1092,,,,,,,114.267,130.766,793.69,1.6674,1.2913,1.1151,-0.0259,0.512,8730,0.0
CNN-LSTM (+Weather),+9h,9,True,2.3165,11.031,3.6611,17.4336,0.3879,0.6515,2.3165,,,,3.1159,0.947,1.5087,0.0767,68.46,0.0,0.0,1.5972,0.0,0.5,0.001,14.253,,,,,,,64.0298,103.2223,284.3,0.6121,0.7824,0.6247,-0.8809,0.3615,8728,4.35
TCN (+Weather),+9h,9,True,2.3347,11.1176,3.7015,17.6262,0.3743,0.6452,2.3347,,,,3.1524,1.0849,1.6649,0.0939,69.05,0.0,0.0,1.5893,0.0442,0.5065,0.0,19.8998,,,,,,,64.5324,103.6865,266.51,0.6257,0.791,0.6296,-0.936,0.366,8728,6.34
LSTM (+Weather),+9h,9,True,2.3577,11.2274,3.7808,18.004,0.3472,0.6301,2.3577,,,,3.1794,0.9586,1.5238,0.0681,73.27,0.0,0.0,1.674,0.2232,0.5553,0.0,17.3974,,,,,,,65.1693,103.8114,244.9,0.6528,0.808,0.6358,-0.9289,0.3681,8728,3.72
DLinear (+Weather),+9h,9,True,2.3832,11.3485,3.7237,17.7318,0.3668,0.6303,2.3832,,,,3.1821,1.0185,1.5302,0.1458,64.94,0.0,0.0,1.5812,0.3065,0.5859,0.0,14.9088,,,,,,,65.8726,102.9744,307.26,0.6332,0.7958,0.6427,-0.8125,0.3705,8728,4.8
EMFN (Proposed),+9h,9,True,2.3874,11.3687,3.5367,16.8413,0.4288,0.6677,1.657,89.54,38.26,13.0785,3.1134,0.961,1.4879,0.1599,59.81,0.0,0.0,1.6941,0.0,0.5,0.2479,12.566,2.3173,2.94,0.782,0.3668,0.1203,0.2422,65.9896,100.1676,391.86,0.5712,0.7558,0.6438,-0.5165,0.3504,8728,14.12
Transformer (+Weather),+9h,9,True,2.4362,11.6011,3.9226,18.6791,0.2973,0.6001,2.4362,,,,3.3258,0.9954,1.6046,0.0815,67.35,0.0,0.0,1.5871,0.0,0.5,0.1149,14.9276,,,,,,,67.3384,104.7302,277.03,0.7027,0.8383,0.657,-1.1221,0.3948,8728,8.2
LightGBM (+Weather),+9h,9,True,2.5155,11.9784,3.5186,16.7553,0.4335,0.6658,2.5155,,,,3.1805,1.016,1.5413,0.1739,57.14,0.0,0.0,1.8394,0.0,0.5,0.3855,14.049,,,,,,,69.6366,102.2089,497.21,0.5665,0.7527,0.6795,-0.1449,0.3421,8751,0.14
Naive Persistence,+9h,9,False,2.6409,12.5757,4.1892,19.9488,0.1969,0.5974,2.6409,,,,3.3037,1.3144,2.0055,0.0201,99.74,0.0,0.0,2.175,0.3864,0.6335,0.0,20.1092,,,,,,,73.1092,105.0652,340.0,0.8031,0.8961,0.7133,-0.0102,0.355,8751,0.0
GRU (+Weather),+9h,9,True,3.6179,17.228,5.9149,28.166,-0.5978,0.0,3.6179,,,,5.4268,0.8605,1.4342,0.0,0.0,0.0,0.0,1.9785,0.2809,0.5,0.0,0.0,,,,,,,100.0,167.3231,100.0,1.5978,1.264,0.9757,-3.6179,1.0,8728,2.61
24h Diurnal Persistence,+9h,9,False,4.1342,19.6867,6.019,28.6617,-0.6543,0.1699,4.1342,,,,5.1745,1.3744,2.0237,0.0034,99.64,0.0,0.0,3.724,0.2223,0.5352,0.0,20.1092,,,,,,,114.2721,130.5562,798.54,1.6543,1.2862,1.1148,-0.0269,0.5101,8727,0.0
LSTM (+Weather),+12h,12,True,2.5607,12.1938,3.9957,19.0273,0.271,0.5678,2.5607,,,,3.4506,0.9421,1.5017,0.1212,64.42,0.0,0.0,1.7377,0.0,0.5,0.1683,17.2349,,,,,,,70.7671,105.6299,335.89,0.729,0.8538,0.6904,-0.9987,0.4032,8725,3.77
TCN (+Weather),+12h,12,True,2.5959,12.3615,3.9045,18.593,0.3039,0.5795,2.5959,,,,3.4515,1.0252,1.5882,0.0615,55.27,0.0,0.0,1.7276,0.0,0.5,0.0971,17.8757,,,,,,,71.7406,105.2117,400.77,0.6961,0.8343,0.6999,-0.8264,0.4016,8725,5.17
CNN-LSTM (+Weather),+12h,12,True,2.611,12.4333,4.1488,19.7564,0.2141,0.548,2.611,,,,3.5558,0.9686,1.5547,0.0869,70.28,0.0,0.0,1.8179,0.0125,0.5031,0.0,16.5594,,,,,,,72.1569,111.0099,279.61,0.7859,0.8865,0.704,-1.1681,0.4142,8725,4.47
DLinear (+Weather),+12h,12,True,2.6458,12.5988,4.0194,19.1402,0.2624,0.5422,2.6458,,,,3.4775,1.0958,1.6032,0.1059,64.44,0.0,0.0,1.807,0.2708,0.5675,0.0,14.6309,,,,,,,73.1179,107.4368,409.02,0.7376,0.8589,0.7133,-0.6812,0.397,8725,4.58
GRU (+Weather),+12h,12,True,2.6613,12.6731,4.0844,19.4494,0.2383,0.5311,2.6613,,,,3.5312,0.9506,1.5029,0.0674,64.6,0.0,0.0,1.8682,0.2006,0.5473,0.0,15.7695,,,,,,,73.5486,106.6133,380.64,0.7617,0.8727,0.7175,-0.8181,0.4069,8725,3.59
EMFN (Proposed),+12h,12,True,2.7132,12.9199,3.8353,18.2634,0.3284,0.5754,1.824,91.71,45.79,14.1524,3.4147,0.9531,1.5041,0.0819,62.4,0.0,0.0,2.1049,0.0,0.5,0.4985,12.4482,2.564,5.5,0.747,0.3203,0.1267,0.2661,74.9811,105.3327,540.99,0.6716,0.8195,0.7315,-0.0928,0.3655,8725,11.96
Transformer (+Weather),+12h,12,True,2.7565,13.1264,4.3116,20.5314,0.1512,0.4925,2.7565,,,,3.6894,1.061,1.6919,0.0687,71.13,0.0,0.0,1.9504,0.0105,0.4963,0.0,17.2506,,,,,,,76.1796,111.5478,357.1,0.8488,0.9213,0.7432,-0.975,0.4241,8725,9.61
LightGBM (+Weather),+12h,12,True,2.7911,13.2909,3.8067,18.1273,0.3371,0.5828,2.7911,,,,3.4982,1.0605,1.5677,0.1748,53.23,0.0,0.0,2.0578,0.0,0.5,0.2006,13.783,,,,,,,77.2526,105.8514,603.02,0.6629,0.8142,0.7537,-0.0373,0.3708,8748,0.11
Naive Persistence,+12h,12,False,2.8323,13.4873,4.4773,21.3204,0.083,0.5401,2.8323,,,,3.5437,1.3075,1.9605,0.0637,99.71,0.0,0.0,2.4113,0.3703,0.6238,0.0,20.1092,,,,,,,78.394,106.714,404.87,0.917,0.9576,0.7649,-0.0133,0.3795,8748,0.0
24h Diurnal Persistence,+12h,12,False,4.0798,19.4275,5.9634,28.3969,-0.6235,0.1853,4.0798,,,,5.1068,1.3472,1.9658,0.0593,99.64,0.0,0.0,3.8086,0.1964,0.5197,0.0,20.1092,,,,,,,112.7408,130.0457,738.32,1.6235,1.2742,1.0999,-0.0285,0.5053,8724,0.0
