metric,value
total_rows,28440
generation_null_count,72
weather_data_present,True
missing_count_datetime,0
missing_count_base_date,0
missing_count_hour,0
missing_count_raw_generation,72
missing_count_generation_mwh,72
missing_count_scale_unit_assumed,0
missing_count_is_capacity_exceeded,0
missing_count_is_negative,0
missing_count_is_zero,0
missing_count_aws_temperature,2150
missing_count_aws_wind_speed,2156
missing_count_aws_wind_direction,2156
missing_count_aws_humidity,2192
missing_count_aws_local_pressure,2150
missing_count_aws_sea_level_pressure,2150
missing_count_aws_precipitation,2368
missing_count_aws_temperature_is_missing,0
missing_count_aws_temperature_is_imputed,0
missing_count_aws_temperature_age_hours,2137
missing_count_aws_wind_speed_is_missing,0
missing_count_aws_wind_speed_is_imputed,0
missing_count_aws_wind_speed_age_hours,2137
missing_count_aws_wind_direction_is_missing,0
missing_count_aws_wind_direction_is_imputed,0
missing_count_aws_wind_direction_age_hours,2137
missing_count_aws_humidity_is_missing,0
missing_count_aws_humidity_is_imputed,0
missing_count_aws_humidity_age_hours,2137
missing_count_aws_local_pressure_is_missing,0
missing_count_aws_local_pressure_is_imputed,0
missing_count_aws_local_pressure_age_hours,2137
missing_count_aws_sea_level_pressure_is_missing,0
missing_count_aws_sea_level_pressure_is_imputed,0
missing_count_aws_sea_level_pressure_age_hours,2137
missing_count_aws_precipitation_is_missing,0
missing_count_aws_precipitation_is_imputed,0
missing_count_aws_precipitation_age_hours,2137
missing_count_aws_wind_dir_sin,2156
missing_count_aws_wind_dir_cos,2156
missing_count_hour_sin,0
missing_count_hour_cos,0
missing_count_day_of_year_sin,0
missing_count_day_of_year_cos,0
missing_count_month_sin,0
missing_count_month_cos,0
