model,horizon_hours,metric,difference,lower_95,upper_95,block_hours,repetitions,count
ARIMA,1,crps,-0.08863455641805618,-0.10133665734218467,-0.07650571009131078,24,2000,8736
ARIMA,1,crps,-0.08863455641805618,-0.1028801448838662,-0.07422091719282316,168,2000,8736
ARIMA,1,zero_brier,-0.03231580227603164,-0.03619436202059199,-0.02845136372303475,24,2000,8736
ARIMA,1,zero_brier,-0.03231580227603164,-0.037133165133722196,-0.027504144325245422,168,2000,8736
CNN-LSTM (+Weather),1,crps,-0.2762353740715164,-0.29652639949351534,-0.2557599384478925,24,2000,8736
CNN-LSTM (+Weather),1,crps,-0.2762353740715164,-0.306278852798707,-0.249457114015442,168,2000,8736
LightGBM (24h matched),1,crps,-0.24066215899432844,-0.25887447198793545,-0.22301615393614907,24,2000,8736
LightGBM (24h matched),1,crps,-0.24066215899432844,-0.2671863132535915,-0.21464460226974125,168,2000,8736
Quantile LightGBM (24h matched),1,crps,-0.015803095553951235,-0.026998776267133505,-0.005400947752561368,24,2000,8736
Quantile LightGBM (24h matched),1,crps,-0.015803095553951235,-0.030352744374255083,-0.0019027075209664735,168,2000,8736
Quantile LightGBM (24h matched),1,zero_brier,-0.048596926847601606,-0.06019858239810372,-0.037703774863249793,24,2000,8736
Quantile LightGBM (24h matched),1,zero_brier,-0.048596926847601606,-0.0625971585656089,-0.0349717130435306,168,2000,8736
Hurdle Quantile LightGBM (24h matched),1,crps,-0.0011169302883669492,-0.011332136113827185,0.008298507312474394,24,2000,8736
Hurdle Quantile LightGBM (24h matched),1,crps,-0.0011169302883669492,-0.013499167077976965,0.011047638706892465,168,2000,8736
Hurdle Quantile LightGBM (24h matched),1,zero_brier,0.00508855871101128,0.003263797792260596,0.00686988318055211,24,2000,8736
Hurdle Quantile LightGBM (24h matched),1,zero_brier,0.00508855871101128,0.0030879486108591064,0.007040253940007041,168,2000,8736
ARIMA,3,crps,-0.27986019230481807,-0.3198235141879518,-0.2429628343124908,24,2000,8734
ARIMA,3,crps,-0.27986019230481807,-0.32466710729012394,-0.23660777883974843,168,2000,8734
ARIMA,3,zero_brier,-0.03135468459181283,-0.03574184888620823,-0.02694213513007113,24,2000,8734
ARIMA,3,zero_brier,-0.03135468459181283,-0.036417708442590825,-0.026889799247367212,168,2000,8734
CNN-LSTM (+Weather),3,crps,-0.4620262981786072,-0.5021219238488491,-0.42241639629521166,24,2000,8734
CNN-LSTM (+Weather),3,crps,-0.4620262981786072,-0.5180012702021185,-0.4072280559738996,168,2000,8734
LightGBM (24h matched),3,crps,-0.5309979980698418,-0.566480677447642,-0.49638202650232705,24,2000,8734
LightGBM (24h matched),3,crps,-0.5309979980698418,-0.57847570892224,-0.4899489672216659,168,2000,8734
Quantile LightGBM (24h matched),3,crps,-0.054020426290680976,-0.07977666281590247,-0.028253475572168632,24,2000,8734
Quantile LightGBM (24h matched),3,crps,-0.054020426290680976,-0.08401449455033132,-0.02460765121920073,168,2000,8734
Quantile LightGBM (24h matched),3,zero_brier,-0.024192672152918933,-0.033435461086649146,-0.015865886465626602,24,2000,8734
Quantile LightGBM (24h matched),3,zero_brier,-0.024192672152918933,-0.03461189490106768,-0.014171948218671392,168,2000,8734
Hurdle Quantile LightGBM (24h matched),3,crps,-0.031486823895634196,-0.05552534399891284,-0.007895714522386294,24,2000,8734
Hurdle Quantile LightGBM (24h matched),3,crps,-0.031486823895634196,-0.05749594356726645,-0.006120987319456941,168,2000,8734
Hurdle Quantile LightGBM (24h matched),3,zero_brier,0.0030779429433787507,0.0006636641994730093,0.005377224268927267,24,2000,8734
Hurdle Quantile LightGBM (24h matched),3,zero_brier,0.0030779429433787507,0.0005507105041077303,0.005473644826579008,168,2000,8734
ARIMA,6,crps,-0.3181309319897471,-0.37738200386165643,-0.25947082611843836,24,2000,8731
ARIMA,6,crps,-0.3181309319897471,-0.3860554317276547,-0.2473141065906866,168,2000,8731
ARIMA,6,zero_brier,-0.007395312177797368,-0.011719802747226537,-0.0033321145364487055,24,2000,8731
ARIMA,6,zero_brier,-0.007395312177797368,-0.011439064934815255,-0.0032816111646273667,168,2000,8731
CNN-LSTM (+Weather),6,crps,-0.6561835967314069,-0.7201184911230186,-0.593859806160148,24,2000,8731
CNN-LSTM (+Weather),6,crps,-0.6561835967314069,-0.7509955390599494,-0.5710861537808513,168,2000,8731
LightGBM (24h matched),6,crps,-0.6999318612652562,-0.7546714569518259,-0.647715345933457,24,2000,8731
LightGBM (24h matched),6,crps,-0.6999318612652562,-0.7585231590346614,-0.6446631001495184,168,2000,8731
Quantile LightGBM (24h matched),6,crps,0.0005600007991637625,-0.04187581651249845,0.04191298319308382,24,2000,8731
Quantile LightGBM (24h matched),6,crps,0.0005600007991637625,-0.040244532017878934,0.04701791408395789,168,2000,8731
Quantile LightGBM (24h matched),6,zero_brier,-0.008056155051322705,-0.015798060634350013,-0.0006089320936607461,24,2000,8731
Quantile LightGBM (24h matched),6,zero_brier,-0.008056155051322705,-0.015931931128694357,-0.000806084097227741,168,2000,8731
Hurdle Quantile LightGBM (24h matched),6,crps,0.014239440379600656,-0.025447066906629047,0.05354222280009664,24,2000,8731
Hurdle Quantile LightGBM (24h matched),6,crps,0.014239440379600656,-0.02470549239318955,0.060228427947747326,168,2000,8731
Hurdle Quantile LightGBM (24h matched),6,zero_brier,0.003403351296328416,0.0001898840603536687,0.00682390013731799,24,2000,8731
Hurdle Quantile LightGBM (24h matched),6,zero_brier,0.003403351296328416,-0.00039857616352889717,0.007090147671064029,168,2000,8731
ARIMA,9,crps,-0.27013094453302966,-0.3342513329726237,-0.2048352808566369,24,2000,8728
ARIMA,9,crps,-0.27013094453302966,-0.35015165505111434,-0.19074914101935952,168,2000,8728
ARIMA,9,zero_brier,0.002430935855358974,-0.002866309430918631,0.007503981268586957,24,2000,8728
ARIMA,9,zero_brier,0.002430935855358974,-0.002674846925007508,0.008238615559965846,168,2000,8728
CNN-LSTM (+Weather),9,crps,-0.7011385942179466,-0.7670440826981204,-0.6373168565740378,24,2000,8728
CNN-LSTM (+Weather),9,crps,-0.7011385942179466,-0.8062026883647012,-0.6017294089369154,168,2000,8728
LightGBM (24h matched),9,crps,-0.8653449290146763,-0.9281348012337496,-0.8031875057157964,24,2000,8728
LightGBM (24h matched),9,crps,-0.8653449290146763,-0.9435981101282098,-0.7881366741062117,168,2000,8728
Quantile LightGBM (24h matched),9,crps,-0.0007298400266024021,-0.04048842898812617,0.03875581800380945,24,2000,8728
Quantile LightGBM (24h matched),9,crps,-0.0007298400266024021,-0.04533612789969581,0.04398232360472699,168,2000,8728
Quantile LightGBM (24h matched),9,zero_brier,0.0011757655233077678,-0.00719995060329201,0.009354375398761673,24,2000,8728
Quantile LightGBM (24h matched),9,zero_brier,0.0011757655233077678,-0.007222313156934278,0.009162118167235318,168,2000,8728
Hurdle Quantile LightGBM (24h matched),9,crps,0.005240034055687503,-0.03425363523082655,0.04315571657752293,24,2000,8728
Hurdle Quantile LightGBM (24h matched),9,crps,0.005240034055687503,-0.03710064045664487,0.04857425255000256,168,2000,8728
Hurdle Quantile LightGBM (24h matched),9,zero_brier,0.009524509296353423,0.005058213341823301,0.013979229986974822,24,2000,8728
Hurdle Quantile LightGBM (24h matched),9,zero_brier,0.009524509296353423,0.00452711144663472,0.014641535308019156,168,2000,8728
ARIMA,12,crps,-0.2538586438284195,-0.33163365308616405,-0.17791832560346485,24,2000,8725
ARIMA,12,crps,-0.2538586438284195,-0.3455864238779034,-0.1537699437428554,168,2000,8725
ARIMA,12,zero_brier,-0.004459949242544979,-0.008566958476211868,-0.00042515297780385344,24,2000,8725
ARIMA,12,zero_brier,-0.004459949242544979,-0.008331034853342072,-0.00022987674693129674,168,2000,8725
CNN-LSTM (+Weather),12,crps,-0.7603126046659409,-0.8501088979810253,-0.6682224385094732,24,2000,8725
CNN-LSTM (+Weather),12,crps,-0.7603126046659409,-0.9105375047228428,-0.6227489677348051,168,2000,8725
LightGBM (24h matched),12,crps,-0.9540013223203762,-1.0264817012182486,-0.883187913642034,24,2000,8725
LightGBM (24h matched),12,crps,-0.9540013223203762,-1.0484932304383818,-0.8667148909502173,168,2000,8725
Quantile LightGBM (24h matched),12,crps,0.002826367743881619,-0.04223151794536352,0.046803764415475686,24,2000,8725
Quantile LightGBM (24h matched),12,crps,0.002826367743881619,-0.046603666230925725,0.05192228732158782,168,2000,8725
Quantile LightGBM (24h matched),12,zero_brier,-0.00484802820946054,-0.011508037739706397,0.0017584658282959948,24,2000,8725
Quantile LightGBM (24h matched),12,zero_brier,-0.00484802820946054,-0.011604344030618578,0.001825469217772606,168,2000,8725
Hurdle Quantile LightGBM (24h matched),12,crps,0.007643385717390218,-0.034400155076319654,0.05024938696065699,24,2000,8725
Hurdle Quantile LightGBM (24h matched),12,crps,0.007643385717390218,-0.03656122659200499,0.05275130979273789,168,2000,8725
Hurdle Quantile LightGBM (24h matched),12,zero_brier,0.0020883435484590224,-0.0010664694978410295,0.0051621393250434735,24,2000,8725
Hurdle Quantile LightGBM (24h matched),12,zero_brier,0.0020883435484590224,-0.0012807151852021635,0.005427228199656198,168,2000,8725
ARIMA,24,crps,-0.18466825702800801,-0.26751620507927154,-0.10610785923395238,24,2000,8713
ARIMA,24,crps,-0.18466825702800801,-0.2908823350014937,-0.05910214817569031,168,2000,8713
ARIMA,24,zero_brier,-0.0003377873627751763,-0.0037702620844290687,0.0030560224327085186,24,2000,8713
ARIMA,24,zero_brier,-0.0003377873627751763,-0.004302899098591868,0.004040858410119894,168,2000,8713
CNN-LSTM (+Weather),24,crps,-0.8965068453912827,-0.9900236611539596,-0.8001562888124337,24,2000,8713
CNN-LSTM (+Weather),24,crps,-0.8965068453912827,-1.0677704934303,-0.742709875178379,168,2000,8713
LightGBM (24h matched),24,crps,-1.1753340788789293,-1.260130032973174,-1.0886429778927644,24,2000,8713
LightGBM (24h matched),24,crps,-1.1753340788789293,-1.292272686307192,-1.05888417133593,168,2000,8713
Quantile LightGBM (24h matched),24,crps,0.039060872858551775,0.0007884570195401566,0.07744611485379203,24,2000,8713
Quantile LightGBM (24h matched),24,crps,0.039060872858551775,-0.008139274420939016,0.09048060323430467,168,2000,8713
Quantile LightGBM (24h matched),24,zero_brier,-0.004446086921334667,-0.011478430628920738,0.0025661405974750015,24,2000,8713
Quantile LightGBM (24h matched),24,zero_brier,-0.004446086921334667,-0.012571135926631066,0.004225511888209451,168,2000,8713
Hurdle Quantile LightGBM (24h matched),24,crps,0.02606054815780991,-0.011434797579101924,0.06326139944486929,24,2000,8713
Hurdle Quantile LightGBM (24h matched),24,crps,0.02606054815780991,-0.022565622038687637,0.07927713906510198,168,2000,8713
Hurdle Quantile LightGBM (24h matched),24,zero_brier,0.0023580305558421385,-0.0004942943668533795,0.005182578570078564,24,2000,8713
Hurdle Quantile LightGBM (24h matched),24,zero_brier,0.0023580305558421385,-0.0008522911291946726,0.005878460690894478,168,2000,8713
