split,model,horizon_hours,n_fits,crps_mean,crps_sd,zero_brier_mean,zero_brier_sd,rmse_mean,rmse_sd,mae_mean,mae_sd,zero_auprc_mean,zero_auprc_sd
validation,ARIMA,1,1,0.626200000681678,,0.1106924276394816,,1.3258,,0.7783,,0.7136823377240801,
test,ARIMA,1,1,0.6688572807164103,,0.1016545897141459,,1.4261,,0.8369,,0.6212724971465038,
validation,ARIMA,3,1,1.235058672235828,,0.1331912685133024,,2.5945,,1.6332,,0.5700128207874996,
test,ARIMA,3,1,1.3362049258021544,,0.1276076845249944,,2.8134,,1.7853,,0.4755149720036534,
validation,ARIMA,6,1,1.5510200122375446,,0.1395600551569087,,3.1262,,2.2052,,0.5231468940605092,
test,ARIMA,6,1,1.7709846411926022,,0.1218433948999256,,3.5683,,2.4608,,0.4101693850317267,
validation,ARIMA,9,1,1.680228545278517,,0.146040220428599,,3.3284,,2.4508,,0.4801234212642384,
test,ARIMA,9,1,1.943294857377252,,0.1254964909878388,,3.8429,,2.7572,,0.3454650961659865,
validation,ARIMA,12,1,1.7930197417210667,,0.1525740114160222,,3.5091,,2.6563,,0.4509202118205008,
test,ARIMA,12,1,2.0744881770565216,,0.1292683794858065,,4.0534,,2.9864,,0.3166539914286043,
validation,ARIMA,24,1,2.127111898108629,,0.1656838665169434,,4.0367,,3.2117,,0.372891653796166,
test,ARIMA,24,1,2.386520358135813,,0.1356455165782475,,4.5334,,3.4982,,0.2284356886838348,
validation,EMFN (Proposed),1,3,0.5205933549939592,0.0036185759880775505,0.07275998408410293,0.0008332827815108241,1.1601,0.013163965967746981,0.7205333333333334,0.006253265813423658,0.816431343406243,0.002921537105893562
test,EMFN (Proposed),1,3,0.5802227242983542,0.005758518426707846,0.0693387874877791,0.0016599792775634395,1.2878666666666667,0.015500430101559649,0.8003,0.00993780659904384,0.7516122357809055,0.002810993658158857
validation,CNN-LSTM (+Weather),1,3,0.7697582623058148,0.017210247091527707,,,1.2379666666666667,0.030080613912174866,0.7697666666666668,0.017217529826700856,,
test,CNN-LSTM (+Weather),1,3,0.8564580983698705,0.02619167946941789,,,1.3740666666666668,0.038096500276709584,0.8564666666666666,0.026211892975009123,,
validation,LightGBM (24h matched),1,3,0.7723474363306208,0.0,,,1.1945,0.0,0.7723,0.0,,
test,LightGBM (24h matched),1,3,0.8208848832926825,0.0,,,1.2867,0.0,0.8209,0.0,,
validation,Quantile LightGBM (24h matched),1,3,0.5512473144100676,0.0,0.1580015762297073,0.0,1.2675,0.0,0.7458,0.0,0.6777769412796738,0.0
test,Quantile LightGBM (24h matched),1,3,0.5960258198523055,0.0,0.1179357134844386,0.0,1.3950000000000002,2.7194799110210365e-16,0.8051,0.0,0.5986474754427169,0.0
validation,Hurdle Quantile LightGBM (24h matched),1,3,0.5380244603280304,0.0,0.0680887197938353,0.0,1.2328,0.0,0.7356000000000001,1.3597399555105182e-16,0.8204040523861756,1.3597399555105182e-16
test,Hurdle Quantile LightGBM (24h matched),1,3,0.5813396545867211,0.0,0.0642502287271013,0.0,1.3488999999999998,2.7194799110210365e-16,0.7921,0.0,0.758524280847373,1.3597399555105182e-16
validation,EMFN (Proposed),3,3,0.9177482051673301,0.01216063040369218,0.10486300504911344,0.0012275567986651617,2.0498666666666665,0.021003888528873256,1.2764333333333333,0.021550251351975795,0.6670395685636924,0.009990969601068553
test,EMFN (Proposed),3,3,1.0563447334973362,0.036286214310204096,0.09625299990574405,0.0027159254034091226,2.3237666666666663,0.06518008387025402,1.4747999999999999,0.04222593989480877,0.5601399551917225,0.011371944502930274
validation,CNN-LSTM (+Weather),3,3,1.3406375145955416,0.008169203754286921,,,2.148633333333333,0.04802648574831722,1.3406333333333336,0.008200812967830267,,
test,CNN-LSTM (+Weather),3,3,1.5183710316759436,0.031965298205717474,,,2.4260333333333333,0.06631095937575736,1.5183666666666664,0.03198770597172185,,
validation,LightGBM (24h matched),3,3,1.4311461570862678,0.0,,,2.0971,0.0,1.4311,0.0,,
test,LightGBM (24h matched),3,3,1.587342731567178,0.0,,,2.3372,0.0,1.5873,0.0,,
validation,Quantile LightGBM (24h matched),3,3,0.9870193227111632,0.0,0.1595272192135625,0.0,2.2271,0.0,1.3338,0.0,0.5582577918594083,0.0
test,Quantile LightGBM (24h matched),3,3,1.1103651597880173,0.0,0.1204456720861003,0.0,2.5131,0.0,1.4976,0.0,0.4632289746391623,0.0
validation,Hurdle Quantile LightGBM (24h matched),3,3,0.9630199651723254,0.0,0.10761531775781101,1.6996749443881478e-17,2.1685,0.0,1.3206,0.0,0.6412933760368733,0.0
test,Hurdle Quantile LightGBM (24h matched),3,3,1.0878315573929704,0.0,0.0931750569898026,0.0,2.4442,0.0,1.4859,0.0,0.5553595655198198,0.0
validation,EMFN (Proposed),6,3,1.185550029756677,0.011377970958428537,0.1203519454885701,0.0015144823113900836,2.606633333333333,0.03335061218828423,1.649066666666667,0.02606037861070586,0.5689714915232852,0.010597553728209438
test,EMFN (Proposed),6,3,1.452853709202855,0.032934254013252895,0.11444808274546853,0.000611332212284481,3.1677666666666666,0.06470435327961581,2.0238666666666667,0.03778019763491628,0.43430450825344913,0.004298102938647224
validation,CNN-LSTM (+Weather),6,3,1.8141307994056894,0.03051073991590308,,,2.899366666666667,0.06128575147074026,1.8141333333333334,0.03051759055583078,,
test,CNN-LSTM (+Weather),6,3,2.109037305934262,0.04797465712275287,,,3.3873,0.07083311372514978,2.109033333333333,0.04799920138224518,,
validation,LightGBM (24h matched),6,3,1.835486746841186,0.0,,,2.6041,0.0,1.8355,0.0,,
test,LightGBM (24h matched),6,3,2.152785570468112,0.0,,,3.0982,0.0,2.1528,0.0,,
validation,Quantile LightGBM (24h matched),6,3,1.21621202470525,0.0,0.1592461592836946,0.0,2.6867,0.0,1.671,0.0,0.507801480610267,0.0
test,Quantile LightGBM (24h matched),6,3,1.4522937084036915,0.0,0.12250423777345092,1.6996749443881478e-17,3.2008999999999994,5.438959822042073e-16,1.9825,0.0,0.3888934950240632,0.0
validation,Hurdle Quantile LightGBM (24h matched),6,3,1.2028501060983587,0.0,0.1252803815900614,0.0,2.6586,0.0,1.6682999999999997,2.7194799110210365e-16,0.5465254801480635,0.0
test,Hurdle Quantile LightGBM (24h matched),6,3,1.4386142688232546,0.0,0.1110447314257997,0.0,3.1548,0.0,1.9778,0.0,0.42272315519780496,6.798699777552591e-17
validation,EMFN (Proposed),9,3,1.4165086360620223,0.006022124439825826,0.13254412584376302,0.0014144817085658039,3.0360666666666667,0.019985578133577576,1.9580666666666666,0.024720099784048804,0.5031470159553686,0.011173237772403644
test,EMFN (Proposed),9,3,1.6731639128442222,0.0404104182091831,0.12792742695738046,0.002453517407024761,3.5665666666666667,0.07584361102514386,2.3318,0.04660482807606945,0.34685849064148727,0.023274969452149935
validation,CNN-LSTM (+Weather),9,3,2.0156626648969294,0.0354493581292146,,,3.1709,0.0748056147625297,2.0156666666666667,0.035417698024198745,,
test,CNN-LSTM (+Weather),9,3,2.374302507062169,0.05344993222603699,,,3.765233333333333,0.13329254792873207,2.3743000000000003,0.0534631648894824,,
validation,LightGBM (24h matched),9,3,2.167180007411981,0.0,,,3.0051,0.0,2.1672,0.0,,
test,LightGBM (24h matched),9,3,2.538508841858899,0.0,,,3.5247000000000006,5.438959822042073e-16,2.5385,0.0,,
validation,Quantile LightGBM (24h matched),9,3,1.3985790035532861,2.7194799110210365e-16,0.1634667295449186,0.0,3.0026999999999995,5.438959822042073e-16,1.9441999999999997,2.7194799110210365e-16,0.4779733465393081,0.0
test,Quantile LightGBM (24h matched),9,3,1.6738937528708249,0.0,0.12675166131989,0.0,3.5761,0.0,2.3013,0.0,0.3447661626237566,0.0
validation,Hurdle Quantile LightGBM (24h matched),9,3,1.3885242089023624,0.0,0.1386263725899481,0.0,2.985,0.0,1.9410999999999998,2.7194799110210365e-16,0.4856571522307991,0.0
test,Hurdle Quantile LightGBM (24h matched),9,3,1.6679238787885347,2.7194799110210365e-16,0.1184029175468443,0.0,3.5552000000000006,5.438959822042073e-16,2.2999,0.0,0.3750949697578833,0.0
validation,EMFN (Proposed),12,3,1.544329200448842,0.01580402091100485,0.13968249070470984,0.0022406888119998647,3.255266666666667,0.03166454378849195,2.1405333333333334,0.020263349509232954,0.46697958974862824,0.019081705291730658
test,EMFN (Proposed),12,3,1.8206295332281022,0.004810023383159435,0.12480843022311504,0.000934730599982786,3.8347,0.0006244997998398065,2.5392333333333337,0.021268364613512995,0.33905147714598755,0.002776921768647899
validation,CNN-LSTM (+Weather),12,3,2.178797278159694,0.048071786496862355,,,3.4944,0.0540905721914642,2.1788000000000003,0.0480449789260021,,
test,CNN-LSTM (+Weather),12,3,2.580942137894043,0.06084593751364304,,,4.137033333333332,0.09602157743618504,2.580966666666667,0.06084524084374509,,
validation,LightGBM (24h matched),12,3,2.311603139118167,0.0,,,3.1772000000000005,5.438959822042073e-16,2.3116,0.0,,
test,LightGBM (24h matched),12,3,2.7746308555484784,0.0,,,3.7912,0.0,2.7746,0.0,,
validation,Quantile LightGBM (24h matched),12,3,1.5171541104947357,0.0,0.1681139452571968,0.0,3.1998,0.0,2.1096,0.0,0.4314919523296538,0.0
test,Quantile LightGBM (24h matched),12,3,1.8178031654842208,0.0,0.129656458452722,0.0,3.8124,0.0,2.5135,0.0,0.306364424427011,0.0
validation,Hurdle Quantile LightGBM (24h matched),12,3,1.513298239145889,2.7194799110210365e-16,0.1436083436175323,0.0,3.1958,0.0,2.109,0.0,0.4686417249626214,0.0
test,Hurdle Quantile LightGBM (24h matched),12,3,1.8129861475107123,2.7194799110210365e-16,0.1227200866948024,0.0,3.7992000000000004,5.438959822042073e-16,2.5209,0.0,0.3396382472920047,0.0
validation,EMFN (Proposed),24,3,1.8695077250738272,0.028156619656073696,0.15823728827679404,0.001146138538902468,3.7898,0.043923228478790086,2.6097333333333332,0.05123498153930896,0.3459951938753118,0.008667329150586423
test,EMFN (Proposed),24,3,2.2018521011078054,0.027593241473002697,0.1353077293268028,0.0007785794606173239,4.443700000000001,0.04901499770478413,3.11,0.05649486702347398,0.23633696279469063,0.004024249186520733
validation,CNN-LSTM (+Weather),24,3,2.6647887165982436,0.027121142974381254,,,4.076833333333333,0.11745536740963923,2.6648,0.027086712609691223,,
test,CNN-LSTM (+Weather),24,3,3.098358946499088,0.048711442408992896,,,4.677166666666667,0.04010203652351527,3.0983666666666667,0.0487510341770648,,
validation,LightGBM (24h matched),24,3,2.8688757409781704,0.0,,,3.7094,0.0,2.8689,0.0,,
test,LightGBM (24h matched),24,3,3.377186179986735,0.0,,,4.3946,0.0,3.3772,0.0,,
validation,Quantile LightGBM (24h matched),24,3,1.816902172702276,0.0,0.1813493847610033,0.0,3.7083999999999997,5.438959822042073e-16,2.5394,0.0,0.3366360670087513,0.0
test,Quantile LightGBM (24h matched),24,3,2.1627912282492536,0.0,0.139753816136807,0.0,4.3667,0.0,3.0006,0.0,0.20906965670741076,3.3993498887762956e-17
validation,Hurdle Quantile LightGBM (24h matched),24,3,1.818217754138315,0.0,0.1602206496486256,0.0,3.7087,0.0,2.5101,0.0,0.3640134469001996,0.0
test,Hurdle Quantile LightGBM (24h matched),24,3,2.175791552949996,0.0,0.1329496986596302,0.0,4.3817,0.0,3.017,0.0,0.2421157278693474,0.0
