model,horizon_hours,seed,count,coarse_crps,fine_crps,absolute_difference
ARIMA,1,,874,0.6404539597085076,0.6402799822807023,0.00017397742780533854
ARIMA,3,,874,1.3716480200471055,1.3715571875316863,9.083251541919246e-05
ARIMA,6,,874,1.8043346651374077,1.804237675520722,9.69896166858053e-05
ARIMA,9,,873,1.9911648746387305,1.9911392011554754,2.5673483255106433e-05
ARIMA,12,,873,2.003298938970948,2.003240033298078,5.8905672870146475e-05
ARIMA,24,,872,2.3800701360971503,2.3800917566378152,2.162054066490171e-05
EMFN (Proposed),1,42.0,874,0.5512541094226866,0.5512915361075059,3.7426684819319433e-05
Quantile LightGBM (24h matched),1,42.0,874,0.5697181173096446,0.5693208364637312,0.00039728084591339474
Hurdle Quantile LightGBM (24h matched),1,42.0,874,0.5548030421654858,0.5546507458516081,0.00015229631387769782
EMFN (Proposed),3,42.0,874,1.131637804008789,1.1316991743587483,6.13703499592333e-05
Quantile LightGBM (24h matched),3,42.0,874,1.1406331936910024,1.1404804169149836,0.00015277677601877038
Hurdle Quantile LightGBM (24h matched),3,42.0,874,1.1255238839456099,1.125457824880279,6.605906533097006e-05
EMFN (Proposed),6,42.0,874,1.5165791765471968,1.5165904552374572,1.1278690260407842e-05
Quantile LightGBM (24h matched),6,42.0,874,1.489884728711425,1.489905389265465,2.0660554040041745e-05
Hurdle Quantile LightGBM (24h matched),6,42.0,874,1.4772345794840012,1.4772795172717046,4.493778770342516e-05
EMFN (Proposed),9,42.0,873,1.693838156366024,1.6938062882920502,3.1868073973928546e-05
Quantile LightGBM (24h matched),9,42.0,873,1.7249956874919998,1.7250030868027473,7.399310747446819e-06
Hurdle Quantile LightGBM (24h matched),9,42.0,873,1.715521289608861,1.7155176825020835,3.6071067774923193e-06
EMFN (Proposed),12,42.0,873,1.78330681993178,1.7833785027862965,7.168285451641943e-05
Quantile LightGBM (24h matched),12,42.0,873,1.7638088346227432,1.7638427141489006,3.3879526157409856e-05
Hurdle Quantile LightGBM (24h matched),12,42.0,873,1.752900551952278,1.7529479489493673,4.739699708933287e-05
EMFN (Proposed),24,42.0,872,2.236729144488241,2.236793861462795,6.471697455401326e-05
Quantile LightGBM (24h matched),24,42.0,872,2.171392230383995,2.1714333041246014,4.1073740606467624e-05
Hurdle Quantile LightGBM (24h matched),24,42.0,872,2.1836540754116887,2.1837133222214615,5.9246809772872666e-05
EMFN (Proposed),1,2026.0,874,0.5513922868289527,0.5513808996212282,1.138720772453361e-05
Quantile LightGBM (24h matched),1,2026.0,874,0.5697181173096446,0.5693208364637312,0.00039728084591339474
Hurdle Quantile LightGBM (24h matched),1,2026.0,874,0.5548030421654858,0.5546507458516081,0.00015229631387769782
EMFN (Proposed),3,2026.0,874,1.0921255333778417,1.0921985923536217,7.305897578002707e-05
Quantile LightGBM (24h matched),3,2026.0,874,1.1406331936910024,1.1404804169149836,0.00015277677601877038
Hurdle Quantile LightGBM (24h matched),3,2026.0,874,1.1255238839456099,1.125457824880279,6.605906533097006e-05
EMFN (Proposed),6,2026.0,874,1.5014961823148651,1.5015250731213112,2.889080644608022e-05
Quantile LightGBM (24h matched),6,2026.0,874,1.489884728711425,1.489905389265465,2.0660554040041745e-05
Hurdle Quantile LightGBM (24h matched),6,2026.0,874,1.4772345794840012,1.4772795172717046,4.493778770342516e-05
EMFN (Proposed),9,2026.0,873,1.6586650915955847,1.6586549427012465,1.0148894338257719e-05
Quantile LightGBM (24h matched),9,2026.0,873,1.7249956874919998,1.7250030868027473,7.399310747446819e-06
Hurdle Quantile LightGBM (24h matched),9,2026.0,873,1.715521289608861,1.7155176825020835,3.6071067774923193e-06
EMFN (Proposed),12,2026.0,873,1.7930360138594617,1.7931041628249096,6.814896544793392e-05
Quantile LightGBM (24h matched),12,2026.0,873,1.7638088346227432,1.7638427141489006,3.3879526157409856e-05
Hurdle Quantile LightGBM (24h matched),12,2026.0,873,1.752900551952278,1.7529479489493673,4.739699708933287e-05
EMFN (Proposed),24,2026.0,872,2.2072892120125487,2.207384034556222,9.482254367343401e-05
Quantile LightGBM (24h matched),24,2026.0,872,2.171392230383995,2.1714333041246014,4.1073740606467624e-05
Hurdle Quantile LightGBM (24h matched),24,2026.0,872,2.1836540754116887,2.1837133222214615,5.9246809772872666e-05
EMFN (Proposed),1,3407.0,874,0.5610823228101998,0.5611404793635352,5.815655333540892e-05
Quantile LightGBM (24h matched),1,3407.0,874,0.5697181173096446,0.5693208364637312,0.00039728084591339474
Hurdle Quantile LightGBM (24h matched),1,3407.0,874,0.5548030421654858,0.5546507458516081,0.00015229631387769782
EMFN (Proposed),3,3407.0,874,1.0693198192547322,1.069362264782763,4.244552803078783e-05
Quantile LightGBM (24h matched),3,3407.0,874,1.1406331936910024,1.1404804169149836,0.00015277677601877038
Hurdle Quantile LightGBM (24h matched),3,3407.0,874,1.1255238839456099,1.125457824880279,6.605906533097006e-05
EMFN (Proposed),6,3407.0,874,1.4187689008269155,1.4187646573248096,4.243502105927277e-06
Quantile LightGBM (24h matched),6,3407.0,874,1.489884728711425,1.489905389265465,2.0660554040041745e-05
Hurdle Quantile LightGBM (24h matched),6,3407.0,874,1.4772345794840012,1.4772795172717046,4.493778770342516e-05
EMFN (Proposed),9,3407.0,873,1.7415809644545,1.7415270164942729,5.394796022706316e-05
Quantile LightGBM (24h matched),9,3407.0,873,1.7249956874919998,1.7250030868027473,7.399310747446819e-06
Hurdle Quantile LightGBM (24h matched),9,3407.0,873,1.715521289608861,1.7155176825020835,3.6071067774923193e-06
EMFN (Proposed),12,3407.0,873,1.796271171351329,1.796350472306532,7.930095520292113e-05
Quantile LightGBM (24h matched),12,3407.0,873,1.7638088346227432,1.7638427141489006,3.3879526157409856e-05
Hurdle Quantile LightGBM (24h matched),12,3407.0,873,1.752900551952278,1.7529479489493673,4.739699708933287e-05
EMFN (Proposed),24,3407.0,872,2.186004954388366,2.186068387240783,6.343285241694474e-05
Quantile LightGBM (24h matched),24,3407.0,872,2.171392230383995,2.1714333041246014,4.1073740606467624e-05
Hurdle Quantile LightGBM (24h matched),24,3407.0,872,2.1836540754116887,2.1837133222214615,5.9246809772872666e-05
