model,horizon_hours,seed,best_epoch,stopped_epoch,rounds,validation_crps
ARIMA,1,,,,,0.626200000681678
ARIMA,3,,,,,1.235058672235828
ARIMA,6,,,,,1.5510200122375446
ARIMA,9,,,,,1.680228545278517
ARIMA,12,,,,,1.7930197417210667
ARIMA,24,,,,,2.1271118981086286
EMFN (Proposed),1,42.0,23.0,30.0,,0.5220543640820998
CNN-LSTM (+Weather),1,42.0,12.0,17.0,,0.766959973402958
LightGBM (24h matched),1,42.0,,,200.0,0.7723474363306208
Quantile LightGBM (24h matched),1,42.0,,,200.0,0.5512473144100676
Hurdle Quantile LightGBM (24h matched),1,42.0,,,200.0,0.5380244603280304
EMFN (Proposed),3,42.0,15.0,22.0,,0.9235802260127702
CNN-LSTM (+Weather),3,42.0,8.0,13.0,,1.3488640402999132
LightGBM (24h matched),3,42.0,,,200.0,1.4311461570862678
Quantile LightGBM (24h matched),3,42.0,,,200.0,0.9870193227111632
Hurdle Quantile LightGBM (24h matched),3,42.0,,,200.0,0.9630199651723254
EMFN (Proposed),6,42.0,7.0,14.0,,1.1979751656236353
CNN-LSTM (+Weather),6,42.0,6.0,11.0,,1.7946399107247721
LightGBM (24h matched),6,42.0,,,200.0,1.835486746841186
Quantile LightGBM (24h matched),6,42.0,,,200.0,1.21621202470525
Hurdle Quantile LightGBM (24h matched),6,42.0,,,200.0,1.2028501060983587
EMFN (Proposed),9,42.0,3.0,10.0,,1.4210165646368744
CNN-LSTM (+Weather),9,42.0,3.0,8.0,,2.0254242668112363
LightGBM (24h matched),9,42.0,,,200.0,2.167180007411981
Quantile LightGBM (24h matched),9,42.0,,,200.0,1.398579003553286
Hurdle Quantile LightGBM (24h matched),9,42.0,,,200.0,1.3885242089023624
EMFN (Proposed),12,42.0,2.0,9.0,,1.5263698330370206
CNN-LSTM (+Weather),12,42.0,4.0,9.0,,2.123566181343556
LightGBM (24h matched),12,42.0,,,200.0,2.311603139118167
Quantile LightGBM (24h matched),12,42.0,,,200.0,1.5171541104947355
Hurdle Quantile LightGBM (24h matched),12,42.0,,,200.0,1.5132982391458891
EMFN (Proposed),24,42.0,1.0,8.0,,1.8963432303138095
CNN-LSTM (+Weather),24,42.0,3.0,8.0,,2.6510660302168847
LightGBM (24h matched),24,42.0,,,100.0,2.8688757409781704
Quantile LightGBM (24h matched),24,42.0,,,100.0,1.8169021727022756
Hurdle Quantile LightGBM (24h matched),24,42.0,,,100.0,1.818217754138315
EMFN (Proposed),1,2026.0,21.0,28.0,,0.5164726909381889
CNN-LSTM (+Weather),1,2026.0,20.0,25.0,,0.7541186336393352
LightGBM (24h matched),1,2026.0,,,200.0,0.7723474363306208
Quantile LightGBM (24h matched),1,2026.0,,,200.0,0.5512473144100676
Hurdle Quantile LightGBM (24h matched),1,2026.0,,,200.0,0.5380244603280304
EMFN (Proposed),3,2026.0,9.0,16.0,,0.9258943636756548
CNN-LSTM (+Weather),3,2026.0,11.0,16.0,,1.3325268655841838
LightGBM (24h matched),3,2026.0,,,200.0,1.4311461570862678
Quantile LightGBM (24h matched),3,2026.0,,,200.0,0.9870193227111632
Hurdle Quantile LightGBM (24h matched),3,2026.0,,,200.0,0.9630199651723254
EMFN (Proposed),6,2026.0,6.0,13.0,,1.1830347881743013
CNN-LSTM (+Weather),6,2026.0,2.0,7.0,,1.8492924628598744
LightGBM (24h matched),6,2026.0,,,200.0,1.835486746841186
Quantile LightGBM (24h matched),6,2026.0,,,200.0,1.21621202470525
Hurdle Quantile LightGBM (24h matched),6,2026.0,,,200.0,1.2028501060983587
EMFN (Proposed),9,2026.0,3.0,10.0,,1.418839965412061
CNN-LSTM (+Weather),9,2026.0,4.0,9.0,,2.045208457407955
LightGBM (24h matched),9,2026.0,,,200.0,2.167180007411981
Quantile LightGBM (24h matched),9,2026.0,,,200.0,1.398579003553286
Hurdle Quantile LightGBM (24h matched),9,2026.0,,,200.0,1.3885242089023624
EMFN (Proposed),12,2026.0,4.0,11.0,,1.5505047945376271
CNN-LSTM (+Weather),12,2026.0,3.0,8.0,,2.2016127103853416
LightGBM (24h matched),12,2026.0,,,200.0,2.311603139118167
Quantile LightGBM (24h matched),12,2026.0,,,200.0,1.5171541104947355
Hurdle Quantile LightGBM (24h matched),12,2026.0,,,200.0,1.5132982391458891
EMFN (Proposed),24,2026.0,2.0,9.0,,1.8719861032517056
CNN-LSTM (+Weather),24,2026.0,1.0,6.0,,2.647271333302579
LightGBM (24h matched),24,2026.0,,,100.0,2.8688757409781704
Quantile LightGBM (24h matched),24,2026.0,,,100.0,1.8169021727022756
Hurdle Quantile LightGBM (24h matched),24,2026.0,,,100.0,1.818217754138315
EMFN (Proposed),1,3407.0,25.0,32.0,,0.5232530099615886
CNN-LSTM (+Weather),1,3407.0,8.0,13.0,,0.7881961798751514
LightGBM (24h matched),1,3407.0,,,200.0,0.7723474363306208
Quantile LightGBM (24h matched),1,3407.0,,,200.0,0.5512473144100676
Hurdle Quantile LightGBM (24h matched),1,3407.0,,,200.0,0.5380244603280304
EMFN (Proposed),3,3407.0,10.0,17.0,,0.9037700258135656
CNN-LSTM (+Weather),3,3407.0,14.0,19.0,,1.3405216379025282
LightGBM (24h matched),3,3407.0,,,200.0,1.4311461570862678
Quantile LightGBM (24h matched),3,3407.0,,,200.0,0.9870193227111632
Hurdle Quantile LightGBM (24h matched),3,3407.0,,,200.0,0.9630199651723254
EMFN (Proposed),6,3407.0,6.0,13.0,,1.1756401354720942
CNN-LSTM (+Weather),6,3407.0,10.0,15.0,,1.7984600246324218
LightGBM (24h matched),6,3407.0,,,200.0,1.835486746841186
Quantile LightGBM (24h matched),6,3407.0,,,200.0,1.21621202470525
Hurdle Quantile LightGBM (24h matched),6,3407.0,,,200.0,1.2028501060983587
EMFN (Proposed),9,3407.0,6.0,13.0,,1.409669378137132
CNN-LSTM (+Weather),9,3407.0,5.0,10.0,,1.9763552704715974
LightGBM (24h matched),9,3407.0,,,200.0,2.167180007411981
Quantile LightGBM (24h matched),9,3407.0,,,200.0,1.398579003553286
Hurdle Quantile LightGBM (24h matched),9,3407.0,,,200.0,1.3885242089023624
EMFN (Proposed),12,3407.0,5.0,12.0,,1.556112973771879
CNN-LSTM (+Weather),12,3407.0,3.0,8.0,,2.2112129427501834
LightGBM (24h matched),12,3407.0,,,200.0,2.311603139118167
Quantile LightGBM (24h matched),12,3407.0,,,200.0,1.5171541104947355
Hurdle Quantile LightGBM (24h matched),12,3407.0,,,200.0,1.5132982391458891
EMFN (Proposed),24,3407.0,3.0,10.0,,1.8401938416559669
CNN-LSTM (+Weather),24,3407.0,1.0,6.0,,2.696028786275267
LightGBM (24h matched),24,3407.0,,,100.0,2.8688757409781704
Quantile LightGBM (24h matched),24,3407.0,,,100.0,1.8169021727022756
Hurdle Quantile LightGBM (24h matched),24,3407.0,,,100.0,1.818217754138315
