model,seed,horizon_hours,split,selection_basis,mae,rmse,mse,nmae_pct,nrmse_pct,rse,rrse,rae,wape_pct,smape_pct,mape_nonzero_pct,r2,corr,mbe,tic,count,mae_ramp,rmse_ramp,corr_ramp,vpr_pct,bound_violation_pct,integrated_negative_mwh,min_pred_mwh,max_pred_mwh,imbalance_loss_mwh,mae_cut_in,rmse_cut_in,cut_in_count,mae_mean,zero_point_f1_mean,zero_point_balanced_acc_mean,zero_brier,zero_auprc,zero_auroc,zero_ece,picp_90_pct,pinaw_90_pct,winkler_score_90,crps,zero_f1,zero_balanced_acc
ARIMA,,1,validation,validation_crps,0.7783,1.3258,1.7578,4.6609,6.3135,0.0969,0.3112,0.2807,28.9051,86.3215,210.59,0.9031,0.953,0.3033,0.1212,4249,1.0593,1.6887,0.2286,95.53,12.9913,6.7668,-0.2785,19.5739,1.1477,0.8835,1.1647,1613,0.9788,0.0,0.5,0.11069242763948162,0.7136823377240801,0.939869028418002,0.07755998630599656,93.15,19.38,5.295,0.626200000681678,,
ARIMA,,1,test,validation_crps,0.8369,1.4261,2.0336,4.7563,6.7907,0.0929,0.3049,0.2695,27.6225,76.788,197.23,0.9071,0.9543,0.2748,0.1202,8736,1.1249,1.829,0.2381,96.34,10.1877,20.4523,-0.5044,20.447,1.1798,0.8073,1.1016,3269,0.9988,0.0,0.5,0.1016545897141459,0.6212724971465038,0.9357592914852755,0.0983088435914137,92.72,19.63,5.8307,0.6688572807164103,,
ARIMA,,3,validation,validation_crps,1.6332,2.5945,6.7315,9.3538,12.3548,0.373,0.6107,0.5653,58.2578,103.596,435.3,0.627,0.8121,0.6584,0.236,4247,1.2443,2.0373,-0.2019,90.46,12.8561,5.5471,-0.2403,19.5606,2.2908,1.7437,2.2779,1614,1.9643,0.0,0.5,0.13319126851330249,0.5700128207874996,0.8760763792211292,0.08174728209513177,93.24,34.44,9.661,1.235058672235828,,
ARIMA,,3,test,validation_crps,1.7853,2.8134,7.9155,9.6998,13.3974,0.3617,0.6014,0.5496,56.323,95.8144,424.92,0.6383,0.8156,0.6122,0.2359,8734,1.3057,2.1345,-0.105,91.42,10.0641,16.6978,-0.418,20.4007,2.3931,1.6364,2.2572,3267,2.037,0.0,0.5,0.1276076845249944,0.47551497200365345,0.8667125730529512,0.11690309456360691,91.7,34.35,10.9192,1.3362049258021544,,
ARIMA,,6,validation,validation_crps,2.2052,3.1262,9.7732,11.8585,14.8867,0.5478,0.7401,0.7206,74.3877,109.4165,691.33,0.4522,0.6943,0.5821,0.3113,4244,0.9966,1.5993,-0.1139,59.03,0.0,0.0,1.2467,13.9669,2.9674,2.1166,2.5856,1619,2.4903,0.0,0.5,0.13956005515690878,0.5231468940605092,0.8501658115220555,0.07533117593550936,92.58,40.45,11.8856,1.5510200122375446,,
ARIMA,,6,test,validation_crps,2.4608,3.5683,12.7326,12.9198,16.9918,0.5817,0.7627,0.7319,74.9975,104.6952,675.2,0.4183,0.6569,0.4485,0.3293,8731,1.1105,1.7785,-0.1468,59.32,0.0,0.0,1.2467,14.3798,3.2793,2.0923,2.6364,3264,2.7132,0.0,0.5,0.1218433948999256,0.4101693850317267,0.8186469046062516,0.052360602434483976,89.47,40.43,14.5576,1.7709846411926022,,
ARIMA,,9,validation,validation_crps,2.4508,3.3284,11.0785,13.0849,15.8497,0.6266,0.7916,0.7992,82.599,112.155,828.1,0.3734,0.6598,0.665,0.3392,4241,0.9153,1.4287,0.0239,46.77,0.0,0.0,1.6971,11.9767,3.2685,2.3067,2.6679,1624,2.7478,0.0,0.5,0.14604022042859902,0.48012342126423846,0.8255889393214417,0.09715329969155594,93.96,45.17,12.2616,1.680228545278517,,
ARIMA,,9,test,validation_crps,2.7572,3.8429,14.7677,14.4334,18.2994,0.6744,0.8212,0.8174,83.7785,108.5662,777.91,0.3256,0.5932,0.4841,0.3637,8728,0.9969,1.575,0.021,46.82,0.0,0.0,1.6971,12.3104,3.6677,2.321,2.7941,3261,3.031,0.0,0.5,0.1254964909878388,0.3454650961659865,0.7786948992437277,0.0514033420102954,89.53,45.2,15.2135,1.943294857377252,,
ARIMA,,12,validation,validation_crps,2.6563,3.5091,12.3136,14.053,16.7099,0.702,0.8378,0.8623,89.1176,114.0979,906.88,0.298,0.6259,0.7189,0.3632,4238,0.8616,1.3412,0.1099,37.24,0.0,0.0,2.061,10.3684,3.5092,2.45,2.7533,1631,2.9511,0.0,0.5,0.15257401141602225,0.4509202118205008,0.7981066284516338,0.08443865454215208,94.34,47.93,12.6818,1.7930197417210667,,
ARIMA,,12,test,validation_crps,2.9864,4.0534,16.4303,15.5094,19.302,0.7502,0.8661,0.8781,90.0093,111.0616,866.87,0.2498,0.5375,0.4993,0.3903,8725,0.9484,1.499,0.0655,37.1,0.0,0.0,2.061,10.638,3.9464,2.4601,2.8707,3258,3.257,0.0,0.5,0.1292683794858065,0.31665399142860434,0.7403656421262341,0.06934185199538082,90.18,48.05,15.6683,2.0744881770565216,,
ARIMA,,24,validation,validation_crps,3.2117,4.0367,16.2946,16.3811,19.2222,0.9443,0.9717,1.0166,104.7562,118.3618,1099.1,0.0557,0.3839,0.8084,0.4278,4226,0.7789,1.2593,0.3468,15.19,0.0,0.0,2.94,6.4833,4.0979,2.7796,3.0983,1642,3.44,0.0,0.5,0.16568386651694342,0.37289165379616607,0.7233402787388579,0.07086704995952858,93.42,51.37,14.2291,2.1271118981086286,,
ARIMA,,24,test,validation_crps,3.4982,4.5334,20.5513,17.7483,21.5874,0.9376,0.9683,1.0046,103.0173,115.9394,1031.67,0.0624,0.3226,0.511,0.4486,8713,0.8515,1.395,0.2546,15.0,0.0,0.0,2.94,6.5983,4.5312,2.7453,3.0846,3253,3.7271,0.0,0.5,0.13564551657824758,0.22843568868383482,0.6357645972163919,0.04767363220790759,89.38,51.57,17.4677,2.386520358135813,,
EMFN (Proposed),42.0,1,validation,validation_crps,0.7203,1.1641,1.3552,3.5105,5.5434,0.0747,0.2733,0.2114,21.771,78.8565,90.01,0.9253,0.9621,-0.0522,0.1088,4249,0.9252,1.4931,0.3394,95.31,0.0,0.0,0.0031,17.3158,0.9346,0.6544,0.9936,1613,0.7372,0.0,0.5,0.07328213673734878,0.8135626673973326,0.9528928590743233,0.015658632951000517,91.93,15.46,4.1564,0.5220543640820999,,
EMFN (Proposed),42.0,1,test,validation_crps,0.7993,1.2811,1.6411,3.8119,6.1002,0.075,0.2739,0.216,22.1375,70.6964,81.21,0.925,0.9627,-0.1715,0.1114,8736,0.963,1.5686,0.3709,94.01,0.0,0.0,0.0036,17.6325,1.0435,0.6553,1.0102,3269,0.8005,0.0,0.5,0.06887291213118635,0.7484103446761468,0.9450858878402465,0.026591671055253042,89.7,15.65,4.5964,0.5789742927049919,,
CNN-LSTM (+Weather),42.0,1,validation,validation_crps,0.767,1.2364,1.5286,3.6522,5.8875,0.0842,0.2902,0.22,22.6496,68.3396,64.81,0.9158,0.9577,-0.1443,0.1154,4249,0.9587,1.5503,0.2874,97.52,12.4265,15.37,-0.105,16.3667,0.9948,0.6944,1.0809,1613,0.767,,,,,,,,,,0.766959973402958,0.5236,0.6821
CNN-LSTM (+Weather),42.0,1,test,validation_crps,0.8465,1.3609,1.8519,4.0309,6.4802,0.0846,0.2909,0.2284,23.4096,67.6629,70.72,0.9154,0.9581,-0.239,0.1178,8736,0.9955,1.6479,0.3076,96.59,8.6653,28.5915,-0.1195,16.5804,1.1179,0.7233,1.0922,3269,0.8465,,,,,,,,,,0.8464928260673695,0.4911,0.6728
LightGBM (24h matched),42.0,1,validation,validation_crps,0.7723,1.1945,1.4269,3.6778,5.6882,0.0786,0.2804,0.2215,22.8087,78.6903,92.83,0.9214,0.9603,-0.0254,0.1123,4249,0.9739,1.5223,0.2858,93.14,1.012,1.1565,-0.1724,17.4453,0.9718,0.6849,1.0297,1613,0.7723,,,,,,,,,,0.7723474363306208,0.0582,0.5131
LightGBM (24h matched),42.0,1,test,validation_crps,0.8209,1.2867,1.6556,3.909,6.1271,0.0757,0.2751,0.2215,22.7014,68.609,98.12,0.9243,0.9623,-0.0632,0.1119,8736,1.0187,1.6189,0.3116,92.25,0.8242,2.7686,-0.2344,17.8689,1.0419,0.6532,0.9873,3269,0.8209,,,,,,,,,,0.8208848832926825,0.0654,0.5156
Quantile LightGBM (24h matched),42.0,1,validation,validation_crps,0.7458,1.2675,1.6065,4.055,6.0356,0.0885,0.2975,0.2442,25.1477,82.1469,124.39,0.9115,0.9581,-0.0563,0.1213,4249,0.9492,1.4808,0.2655,87.88,0.0,0.0,0.0707,15.2569,1.0785,0.7334,1.0566,1613,0.8516,0.0,0.5,0.1580015762297073,0.6777769412796738,0.9285360259334549,0.1664461607201695,92.56,19.23,4.8762,0.5512473144100676,,
Quantile LightGBM (24h matched),42.0,1,test,validation_crps,0.8051,1.395,1.9462,4.3352,6.6431,0.0889,0.2982,0.2457,25.1768,71.8083,121.59,0.9111,0.9591,-0.1027,0.1236,8736,0.9967,1.5862,0.2848,86.82,0.0,0.0,0.0673,15.3456,1.1637,0.6891,1.0064,3269,0.9104,0.0,0.5,0.1179357134844386,0.5986474754427169,0.925919459404493,0.11626138348214292,92.0,20.61,5.3698,0.5960258198523055,,
Hurdle Quantile LightGBM (24h matched),42.0,1,validation,validation_crps,0.7356,1.2328,1.5198,3.8722,5.8704,0.0838,0.2894,0.2332,24.0141,81.5117,116.09,0.9162,0.9593,-0.0389,0.1172,4249,0.9526,1.4791,0.2749,89.63,0.0,0.0,0.0153,15.795,1.0262,0.7149,1.0396,1613,0.8132,0.0,0.5,0.06808871979383536,0.8204040523861755,0.9582933292613484,0.01295155326428122,93.86,17.94,4.5818,0.5380244603280304,,
Hurdle Quantile LightGBM (24h matched),42.0,1,test,validation_crps,0.7921,1.3489,1.8195,4.1421,6.4233,0.0832,0.2884,0.2347,24.0551,70.9941,113.39,0.9168,0.9605,-0.0747,0.1187,8736,1.002,1.588,0.2951,88.69,0.0,0.0,0.0187,15.9798,1.106,0.6768,0.994,3269,0.8698,0.0,0.5,0.06425022872710139,0.7585242808473731,0.9539911512404955,0.01777251739532787,92.81,18.74,5.0209,0.5813396545867211,,
EMFN (Proposed),42.0,3,validation,validation_crps,1.2825,2.0645,4.262,6.192,9.8308,0.2362,0.486,0.3742,38.5652,91.9444,147.08,0.7638,0.8753,-0.2046,0.1999,4247,0.9614,1.5161,0.1392,88.13,0.0,0.0,0.0135,16.7472,1.6766,1.1197,1.767,1614,1.3003,0.0,0.5,0.10392604900719925,0.6743355395081432,0.9060004526100726,0.01655202058008174,89.71,22.77,7.3837,0.9235802260127701,,
EMFN (Proposed),42.0,3,test,validation_crps,1.5025,2.3826,5.6767,7.1582,11.3456,0.2594,0.5093,0.4056,41.5651,86.6136,163.17,0.7406,0.8648,-0.3881,0.2164,8734,1.0302,1.6648,0.1531,84.33,0.0,0.0,0.0126,16.561,1.9761,1.1877,1.8591,3267,1.5032,0.0,0.5,0.09908482167261742,0.5567123252714498,0.8779153050203009,0.040815870334525,85.67,23.44,9.0246,1.0896346821386833,,
CNN-LSTM (+Weather),42.0,3,validation,validation_crps,1.3489,2.1137,4.4679,6.4232,10.0655,0.2476,0.4976,0.3882,40.005,92.2922,151.53,0.7524,0.8682,-0.1481,0.2038,4247,0.9669,1.5269,0.0635,88.3,0.8006,0.5771,-0.0607,14.1594,1.7231,1.2141,1.887,1614,1.3489,,,,,,,,,,1.3488640402999132,0.0465,0.5104
CNN-LSTM (+Weather),42.0,3,test,validation_crps,1.5003,2.3872,5.6989,7.1442,11.3678,0.2604,0.5103,0.4048,41.4838,87.322,162.59,0.7396,0.8651,-0.4165,0.2177,8734,1.0042,1.6145,0.1066,83.53,1.4426,3.5085,-0.1395,14.5578,1.9795,1.1947,1.8684,3267,1.5003,,,,,,,,,,1.500289599670081,0.0928,0.5216
LightGBM (24h matched),42.0,3,validation,validation_crps,1.4311,2.0971,4.398,6.815,9.9864,0.2437,0.4937,0.4119,42.4454,93.2602,222.2,0.7563,0.8722,-0.0058,0.2051,4247,1.062,1.6128,0.0218,80.61,1.5305,10.3189,-0.6636,16.3616,1.7904,1.2333,1.7859,1614,1.4311,,,,,,,,,,1.4311461570862678,0.0705,0.5144
LightGBM (24h matched),42.0,3,test,validation_crps,1.5873,2.3372,5.4626,7.5588,11.1296,0.2496,0.4996,0.4283,43.8908,86.5928,258.46,0.7504,0.8717,-0.0694,0.2127,8734,1.1107,1.7108,0.0712,77.59,1.4541,20.4558,-0.8796,16.1765,2.0015,1.2312,1.7768,3267,1.5873,,,,,,,,,,1.587342731567178,0.0747,0.5156
Quantile LightGBM (24h matched),42.0,3,validation,validation_crps,1.3338,2.2271,4.96,7.3364,10.6053,0.2748,0.5243,0.4434,45.693,96.1272,266.25,0.7252,0.8633,-0.1058,0.2248,4247,1.0251,1.5886,-0.0795,72.36,0.0,0.0,0.2192,12.9693,1.9523,1.2759,1.784,1614,1.5406,0.0,0.5,0.1595272192135625,0.5582577918594083,0.8699585149812663,0.14588886272663057,92.84,31.19,8.1519,0.9870193227111632,,
Quantile LightGBM (24h matched),42.0,3,test,validation_crps,1.4976,2.5131,6.3155,8.1538,11.967,0.2886,0.5372,0.462,47.3456,89.0232,286.48,0.7114,0.859,-0.1729,0.2356,8734,1.0697,1.681,-0.008,70.07,0.0,0.0,0.215,13.1884,2.1836,1.2563,1.7837,3267,1.7123,0.0,0.5,0.12044567208610031,0.46322897463916235,0.8598513243378311,0.09409777879551177,90.97,32.97,9.3426,1.1103651597880173,,
Hurdle Quantile LightGBM (24h matched),42.0,3,validation,validation_crps,1.3206,2.1685,4.7024,7.0897,10.3261,0.2606,0.5105,0.4285,44.1566,95.175,249.79,0.7394,0.867,-0.0513,0.2158,4247,1.0277,1.5786,-0.0527,75.72,0.0,0.0,0.0864,13.8675,1.8739,1.2661,1.7817,1614,1.4888,0.0,0.5,0.10761531775781107,0.6412933760368733,0.8995526661403167,0.030212293624472798,93.76,30.71,7.9716,0.9630199651723254,,
Hurdle Quantile LightGBM (24h matched),42.0,3,test,validation_crps,1.4859,2.4442,5.9739,7.9157,11.6388,0.273,0.5225,0.4485,45.9633,88.3427,280.77,0.727,0.8627,-0.1021,0.2258,8734,1.0717,1.6751,0.0146,73.32,0.0,0.0,0.0909,14.3747,2.1034,1.2567,1.788,3267,1.6623,0.0,0.5,0.0931750569898026,0.5553595655198198,0.8898253446241549,0.015763891183810174,91.52,32.34,9.2551,1.0878315573929704,,
EMFN (Proposed),42.0,6,validation,validation_crps,1.6733,2.6401,6.9702,8.4228,12.5719,0.3907,0.625,0.5118,52.8355,99.6124,275.29,0.6093,0.7823,-0.1621,0.2672,4244,0.9039,1.414,0.1789,74.89,0.0,0.0,0.1715,13.6445,2.2515,1.4547,2.1079,1619,1.7688,0.0,0.5,0.11861722395900895,0.5809018844710035,0.8706041813008378,0.016880272087991297,92.27,32.2,9.384,1.1979751656236353,,
EMFN (Proposed),42.0,6,test,validation_crps,2.0577,3.2329,10.4514,10.0235,15.3946,0.4775,0.691,0.5678,58.1848,95.1113,312.54,0.5225,0.7298,-0.429,0.3094,8731,0.9987,1.5683,0.152,68.91,0.0,0.0,0.1751,13.881,2.7384,1.5415,2.3122,3264,2.1049,0.0,0.5,0.1139266471184807,0.43879807564848294,0.8169922424361112,0.04284379074812727,88.75,33.84,11.9417,1.4868526899958678,,
CNN-LSTM (+Weather),42.0,6,validation,validation_crps,1.7946,2.8438,8.0874,8.5459,13.5421,0.4533,0.6733,0.5193,53.6078,102.2975,214.55,0.5467,0.7484,-0.4724,0.2914,4244,0.9265,1.4765,0.037,77.92,0.6126,2.1996,-0.2036,13.737,2.3614,1.4302,2.205,1619,1.7946,,,,,,,,,,1.7946399107247721,0.0204,0.5028
CNN-LSTM (+Weather),42.0,6,test,validation_crps,2.059,3.306,10.9299,9.8049,15.743,0.4993,0.7066,0.5554,56.9159,98.8995,219.45,0.5007,0.7331,-0.8879,0.3243,8731,1.0092,1.6115,0.0197,70.48,0.8934,5.9153,-0.2315,14.2447,2.7958,1.4424,2.2178,3264,2.059,,,,,,,,,,2.059024904122393,0.0226,0.5018
LightGBM (24h matched),42.0,6,validation,validation_crps,1.8355,2.6041,6.7814,8.7404,12.4006,0.3801,0.6165,0.5311,54.8279,100.0161,341.17,0.6199,0.7914,0.0212,0.2629,4244,0.9908,1.4807,0.146,71.19,0.7304,4.1254,-0.4801,14.6813,2.2891,1.5245,2.092,1619,1.8355,,,,,,,,,,1.835486746841186,0.0365,0.5074
LightGBM (24h matched),42.0,6,test,validation_crps,2.1528,3.0982,9.5987,10.2514,14.7532,0.4385,0.6622,0.5807,59.5077,95.5587,413.5,0.5615,0.7557,-0.0755,0.292,8731,1.0909,1.653,0.109,65.91,0.6299,8.4464,-1.1465,15.9553,2.7098,1.6013,2.2433,3264,2.1528,,,,,,,,,,2.1527855704681116,0.0284,0.505
Quantile LightGBM (24h matched),42.0,6,validation,validation_crps,1.671,2.6867,7.2182,9.095,12.7936,0.4046,0.6361,0.5527,57.0524,102.4747,368.74,0.5954,0.793,-0.1488,0.2826,4244,0.9098,1.4058,0.0984,61.38,0.0,0.0,0.215,11.6646,2.4246,1.5179,2.015,1619,1.91,0.0,0.5,0.15924615928369462,0.507801480610267,0.8443482512801719,0.13299481621112155,93.19,36.08,9.6428,1.21621202470525,,
Quantile LightGBM (24h matched),42.0,6,test,validation_crps,1.9825,3.2009,10.2456,10.6161,15.2423,0.4681,0.6842,0.6014,61.6251,97.5174,423.33,0.5319,0.7558,-0.2425,0.3138,8731,1.0093,1.5638,0.057,56.44,0.0,0.0,0.34,11.9836,2.8474,1.5683,2.12,3264,2.2294,0.0,0.5,0.12250423777345094,0.3888934950240632,0.8110810958698964,0.08009964494330546,90.04,38.9,12.0087,1.4522937084036915,,
Hurdle Quantile LightGBM (24h matched),42.0,6,validation,validation_crps,1.6683,2.6586,7.0684,8.9718,12.6602,0.3962,0.6294,0.5452,56.2795,101.818,360.04,0.6038,0.7906,-0.081,0.2756,4244,0.9131,1.4028,0.117,64.63,0.0,0.0,0.1957,12.5198,2.3754,1.5231,2.039,1619,1.8841,0.0,0.5,0.12528038159006147,0.5465254801480635,0.8590770673629987,0.04437267024971803,93.71,36.78,9.6565,1.2028501060983587,,
Hurdle Quantile LightGBM (24h matched),42.0,6,test,validation_crps,1.9778,3.1548,9.9527,10.4972,15.0228,0.4547,0.6743,0.5947,60.9347,96.9531,426.47,0.5453,0.7571,-0.151,0.3047,8731,1.0108,1.5612,0.0743,59.33,0.0,0.0,0.2407,12.9794,2.7933,1.5912,2.1605,3264,2.2044,0.0,0.5,0.11104473142579978,0.4227231551978049,0.825925968591514,0.021252920368163206,90.93,39.88,12.1149,1.4386142688232546,,
EMFN (Proposed),42.0,9,validation,validation_crps,1.9864,3.0549,9.3326,10.0503,14.5473,0.5279,0.7265,0.6139,63.4429,105.5912,404.69,0.4721,0.6879,0.0188,0.3094,4241,0.8818,1.3554,0.1457,71.98,0.0,0.0,0.2777,11.8945,2.6335,1.7728,2.5114,1624,2.1106,0.0,0.5,0.13100055118994616,0.5157981144771205,0.8344586930703639,0.026633454553925236,91.35,38.59,11.0141,1.4210165646368744,,
EMFN (Proposed),42.0,9,test,validation_crps,2.3243,3.5561,12.6461,11.5317,16.934,0.5775,0.76,0.6531,66.9358,100.7118,409.29,0.4225,0.6529,-0.2876,0.341,8728,0.9648,1.5012,0.1323,65.09,0.0,0.0,0.2348,12.3502,3.099,1.8473,2.6031,3261,2.4217,0.0,0.5,0.12866616183350454,0.3661649278342657,0.7846608145552161,0.08032947604217516,91.62,40.8,13.0602,1.663788039589077,,
CNN-LSTM (+Weather),42.0,9,validation,validation_crps,2.0254,3.0995,9.6069,9.6449,14.7595,0.5434,0.7371,0.5891,60.8838,105.9601,311.16,0.4566,0.6859,-0.3502,0.3177,4241,0.9073,1.4272,0.0678,76.9,0.0,0.0,0.1746,14.9363,2.6193,1.6052,2.3747,1624,2.0254,,,,,,,,,,2.0254242668112363,0.0,0.5
CNN-LSTM (+Weather),42.0,9,test,validation_crps,2.3128,3.6227,13.1241,11.0134,17.2511,0.5994,0.7742,0.6237,63.9274,100.9071,307.38,0.4006,0.6532,-0.5874,0.3428,8728,0.9792,1.5503,0.0728,75.48,0.0,0.0,0.2014,15.6264,3.0379,1.6667,2.5501,3261,2.3128,,,,,,,,,,2.312817736602891,0.0,0.5
LightGBM (24h matched),42.0,9,validation,validation_crps,2.1672,3.0051,9.0303,10.3199,14.3098,0.5108,0.7147,0.6303,65.1449,105.754,442.93,0.4892,0.7006,0.0952,0.3071,4241,0.9689,1.4112,0.1539,66.7,0.0943,0.4258,-0.1349,15.0297,2.6852,1.7654,2.3522,1624,2.1672,,,,,,,,,,2.167180007411981,0.0021,0.5001
LightGBM (24h matched),42.0,9,test,validation_crps,2.5385,3.5247,12.4235,12.0881,16.7842,0.5674,0.7532,0.6846,70.1657,102.4387,513.61,0.4326,0.6604,-0.0102,0.336,8728,1.035,1.5512,0.1348,60.12,0.1604,6.3518,-1.7257,16.2176,3.1757,1.8954,2.5351,3261,2.5385,,,,,,,,,,2.538508841858899,0.0014,0.4995
Quantile LightGBM (24h matched),42.0,9,validation,validation_crps,1.9442,3.0027,9.0164,10.4496,14.2987,0.51,0.7141,0.6383,65.9635,107.1894,469.13,0.49,0.7198,-0.0933,0.3213,4241,0.8728,1.3326,0.1361,55.38,0.0,0.0,0.2927,11.1765,2.7663,1.7022,2.1807,1624,2.1944,0.0,0.5,0.16346672954491864,0.4779733465393081,0.8166688271540218,0.12708323508606462,93.0,40.88,11.1307,1.398579003553286,,
Quantile LightGBM (24h matched),42.0,9,test,validation_crps,2.3013,3.5761,12.7888,12.3063,17.0292,0.5841,0.7642,0.6969,71.4319,103.4784,526.36,0.4159,0.6687,-0.1829,0.3554,8728,0.9404,1.4647,0.1248,49.63,0.0,0.0,0.5071,12.1899,3.2761,1.8288,2.3591,3261,2.5843,0.0,0.5,0.12675166131989,0.3447661626237566,0.7762050916519634,0.07408913840513288,90.46,43.95,13.7009,1.6738937528708249,,
Hurdle Quantile LightGBM (24h matched),42.0,9,validation,validation_crps,1.9411,2.985,8.9102,10.3643,14.2143,0.504,0.7099,0.633,65.4251,106.8969,465.24,0.496,0.7186,-0.0526,0.3163,4241,0.8767,1.3267,0.156,57.66,0.0,0.0,0.3258,11.7051,2.7338,1.7126,2.2081,1624,2.1765,0.0,0.5,0.13862637258994817,0.48565715223079914,0.820844763264598,0.04733220355716821,93.33,41.62,11.058,1.3885242089023624,,
Hurdle Quantile LightGBM (24h matched),42.0,9,test,validation_crps,2.2999,3.5552,12.6396,12.2571,16.9296,0.5772,0.7598,0.6941,71.1462,103.2394,528.72,0.4228,0.6675,-0.1168,0.3494,8728,0.9429,1.4599,0.1439,51.86,0.0,0.0,0.2805,12.6119,3.2467,1.8629,2.4074,3261,2.574,0.0,0.5,0.11840291754684433,0.37509496975788337,0.7850066438405894,0.0144570997707847,90.59,44.88,13.6874,1.6679238787885349,,
EMFN (Proposed),42.0,12,validation,validation_crps,2.1234,3.2225,10.3845,10.8411,15.3452,0.592,0.7694,0.6652,68.7488,109.4572,444.64,0.408,0.6433,-0.2407,0.3469,4238,0.8668,1.3452,0.1343,59.3,0.0,0.0,0.4647,11.6938,2.906,1.7327,2.3276,1631,2.2766,0.0,0.5,0.1379321288797827,0.4822183255813228,0.814260587699023,0.033413481921899885,92.99,41.13,11.6343,1.5263698330370206,,
EMFN (Proposed),42.0,12,test,validation_crps,2.5548,3.8352,14.7091,12.7503,18.2631,0.6716,0.8195,0.7219,73.9971,104.4068,514.04,0.3284,0.5794,-0.3674,0.3816,8725,0.9599,1.505,0.0898,54.62,0.0,0.0,0.4211,11.5356,3.4388,1.9484,2.6212,3258,2.6776,0.0,0.5,0.12390161635979229,0.3404808638474459,0.7528877709428965,0.0436310629380125,91.95,44.74,13.9348,1.8203849452222238,,
CNN-LSTM (+Weather),42.0,12,validation,validation_crps,2.1236,3.4359,11.8057,10.1122,16.3616,0.673,0.8204,0.6205,64.1268,112.6057,201.54,0.327,0.643,-1.2157,0.3995,4238,0.8478,1.3581,0.1249,59.63,0.3775,0.2478,-0.0534,12.8397,2.9584,1.424,2.1869,1631,2.1236,,,,,,,,,,2.123566181343556,0.0143,0.5023
CNN-LSTM (+Weather),42.0,12,test,validation_crps,2.5138,4.0293,16.2355,11.9703,19.1873,0.7413,0.861,0.6778,69.4703,110.7481,259.17,0.2587,0.5825,-1.3107,0.4174,8725,0.9543,1.5242,0.0731,62.81,0.3438,0.4264,-0.0494,13.7427,3.4699,1.6376,2.4851,3258,2.5138,,,,,,,,,,2.513770189827462,0.0082,0.5005
LightGBM (24h matched),42.0,12,validation,validation_crps,2.3116,3.1772,10.0946,11.0076,15.1295,0.5755,0.7586,0.6755,69.8051,108.1695,485.05,0.4245,0.652,0.0577,0.3302,4238,0.9837,1.4158,0.1667,63.08,0.1888,0.5958,-0.1331,13.3603,2.8751,1.8391,2.4232,1631,2.3116,,,,,,,,,,2.311603139118167,0.0103,0.5021
LightGBM (24h matched),42.0,12,test,validation_crps,2.7746,3.7912,14.3733,13.2125,18.0534,0.6563,0.8101,0.7481,76.6794,105.4339,593.71,0.3437,0.5868,0.0355,0.3636,8725,1.0646,1.5722,0.1386,56.5,0.0917,3.0894,-0.8022,15.0801,3.4594,2.0493,2.6983,3258,2.7746,,,,,,,,,,2.7746308555484784,0.0,0.4995
Quantile LightGBM (24h matched),42.0,12,validation,validation_crps,2.1096,3.1998,10.2386,11.2818,15.237,0.5837,0.764,0.6923,71.544,109.6807,525.91,0.4163,0.6624,-0.0724,0.3468,4238,0.8813,1.3343,0.1553,51.35,0.0,0.0,0.5151,10.5109,2.9796,1.8066,2.2756,1631,2.3692,0.0,0.5,0.1681139452571968,0.43149195232965387,0.7847325842111498,0.12293770646531381,93.35,42.84,11.8098,1.5171541104947355,,
Quantile LightGBM (24h matched),42.0,12,test,validation_crps,2.5135,3.8124,14.5347,13.3512,18.1545,0.6636,0.8146,0.7559,77.484,106.5448,607.16,0.3364,0.5979,-0.1278,0.381,8725,0.9564,1.4718,0.1305,45.54,0.0,0.0,0.6343,11.5635,3.5366,1.9768,2.4941,3258,2.8037,0.0,0.5,0.12965645845272203,0.306364424427011,0.7375684713097358,0.06863495702005733,90.02,46.27,14.662,1.8178031654842206,,
Hurdle Quantile LightGBM (24h matched),42.0,12,validation,validation_crps,2.109,3.1958,10.2132,11.2326,15.2181,0.5822,0.763,0.6893,71.2318,109.5573,519.04,0.4178,0.6584,-0.0436,0.3437,4238,0.8854,1.3286,0.1696,53.33,0.0,0.0,0.3526,10.5675,2.9595,1.8231,2.3093,1631,2.3588,0.0,0.5,0.1436083436175323,0.46864172496262146,0.8007520647326922,0.04633854412915902,93.25,43.85,11.8816,1.5132982391458891,,
Hurdle Quantile LightGBM (24h matched),42.0,12,test,validation_crps,2.5209,3.7992,14.4335,13.3224,18.0912,0.659,0.8118,0.7543,77.3171,106.4018,608.39,0.341,0.5985,-0.0878,0.3772,8725,0.9561,1.4647,0.1464,46.85,0.0,0.0,0.4566,11.9106,3.5191,2.0007,2.5273,3258,2.7977,0.0,0.5,0.12272008669480249,0.33963824729200476,0.7529933109628844,0.012763442901087756,90.09,47.32,14.6057,1.812986147510712,,
EMFN (Proposed),42.0,24,validation,validation_crps,2.6531,3.8358,14.713,14.3552,18.2655,0.8526,0.9234,0.8908,91.8003,116.8429,793.24,0.1474,0.3878,0.176,0.4238,4226,0.8448,1.3029,0.142,35.23,0.0,0.0,1.3396,7.8681,3.7242,2.3171,2.7513,1642,3.0146,0.0,0.5,0.1575712460676156,0.3558792303742645,0.7207117246646471,0.03835401511621091,95.88,57.14,13.716,1.8963432303138095,,
EMFN (Proposed),42.0,24,test,validation_crps,3.1709,4.492,20.1784,16.8201,21.3907,0.9206,0.9595,0.9521,97.6297,114.5356,896.97,0.0794,0.2901,0.2079,0.4463,8713,0.9101,1.4334,0.1093,34.28,0.0,0.0,1.236,8.7324,4.3633,2.6046,3.1107,3253,3.5322,0.0,0.5,0.13578034432344124,0.2376479725215999,0.6446240600997261,0.05197295807511501,94.0,60.54,15.7012,2.2323357268892536,,
CNN-LSTM (+Weather),42.0,24,validation,validation_crps,2.6511,3.9417,15.5371,12.6241,18.7701,0.9004,0.9489,0.7834,80.7304,118.3784,401.15,0.0996,0.4012,-0.9684,0.4713,4226,0.8319,1.3168,0.1153,48.47,0.0,0.0,0.1506,11.7674,3.5559,1.807,2.5681,1642,2.6511,,,,,,,,,,2.6510660302168847,0.0,0.5
CNN-LSTM (+Weather),42.0,24,test,validation_crps,3.1473,4.6373,21.5045,14.987,22.0823,0.9811,0.9905,0.8483,86.9896,114.8796,533.63,0.0189,0.3254,-0.9725,0.4851,8713,0.9133,1.4492,0.0984,53.49,0.0,0.0,0.062,13.1515,4.1772,2.0868,2.9527,3253,3.1473,,,,,,,,,,3.147261791054387,0.0,0.5
LightGBM (24h matched),42.0,24,validation,validation_crps,2.8689,3.7094,13.7598,13.6613,17.6639,0.7974,0.893,0.8478,87.3631,115.0786,736.65,0.2026,0.4538,0.1029,0.409,4226,0.8853,1.3053,0.239,40.15,0.0,0.0,0.685,9.8978,3.5604,2.1752,2.6329,1642,2.8689,,,,,,,,,,2.8688757409781704,0.0,0.5
LightGBM (24h matched),42.0,24,test,validation_crps,3.3772,4.3946,19.3125,16.0818,20.9267,0.8811,0.9387,0.9103,93.3446,113.4531,820.07,0.1189,0.3461,0.0135,0.4416,8713,0.9566,1.4564,0.1802,37.56,0.0,0.0,0.7628,11.2386,4.2181,2.3455,2.8534,3253,3.3772,,,,,,,,,,3.377186179986735,0.0,0.5
Quantile LightGBM (24h matched),42.0,24,validation,validation_crps,2.5394,3.7084,13.7525,13.7977,17.6592,0.797,0.8927,0.8562,88.2351,115.4657,747.78,0.203,0.4761,0.062,0.4167,4226,0.8176,1.2525,0.3016,32.3,0.0,0.0,0.9597,7.9423,3.6064,2.1488,2.5393,1642,2.8975,0.0,0.5,0.1813493847610033,0.33663606700875137,0.6859734844407539,0.1278868906767629,93.85,53.22,13.3992,1.8169021727022756,,
Quantile LightGBM (24h matched),42.0,24,test,validation_crps,3.0006,4.3667,19.0682,16.0353,20.7939,0.87,0.9327,0.9077,93.0742,113.6049,816.8,0.13,0.3697,-0.0567,0.4489,8713,0.8813,1.3969,0.2296,28.92,0.0,0.0,1.0017,8.5841,4.2234,2.304,2.7312,3253,3.3674,0.0,0.5,0.13975381613680707,0.20906965670741084,0.5953928887559568,0.07465855618042005,90.66,54.3,16.8024,2.1627912282492536,,
Hurdle Quantile LightGBM (24h matched),42.0,24,validation,validation_crps,2.5101,3.7087,13.7543,13.804,17.6604,0.7971,0.8928,0.8566,88.2759,115.6377,742.36,0.2029,0.4739,0.0704,0.416,4226,0.827,1.2582,0.2877,32.76,0.0,0.0,0.6045,7.7394,3.606,2.1575,2.5457,1642,2.8988,0.0,0.5,0.16022064964862565,0.36401344690019966,0.7128909353487823,0.04586837696169385,94.06,53.56,13.3011,1.818217754138315,,
Hurdle Quantile LightGBM (24h matched),42.0,24,test,validation_crps,3.017,4.3817,19.1997,16.1124,20.8654,0.876,0.9359,0.912,93.5223,113.8103,822.16,0.124,0.3582,-0.0318,0.4491,8713,0.8928,1.4051,0.2106,29.32,0.0,0.0,0.8231,8.4287,4.2375,2.334,2.7661,3253,3.3836,0.0,0.5,0.13294969865963027,0.24211572786934749,0.65168114325286,0.02132988590517071,90.76,55.08,16.4622,2.1757915529499954,,
EMFN (Proposed),2026.0,1,validation,validation_crps,0.7144,1.1454,1.312,3.498,5.4545,0.0723,0.2689,0.2107,21.6935,78.9379,94.7,0.9277,0.9632,-0.0052,0.1066,4249,0.9206,1.4681,0.3419,95.87,0.0,0.0,0.0051,17.2766,0.9195,0.6577,0.9912,1613,0.7346,0.0,0.5,0.07179899515651211,0.816328345231445,0.9546256795920381,0.013102936065943538,92.92,15.9,4.0595,0.5164726909381889,,
EMFN (Proposed),2026.0,1,test,validation_crps,0.7909,1.2769,1.6305,3.8243,6.0806,0.0745,0.273,0.2167,22.2095,70.5712,87.75,0.9255,0.9623,-0.0758,0.1102,8736,0.9726,1.5824,0.3625,94.77,0.0,0.0,0.004,17.3129,1.0228,0.6729,1.032,3269,0.8031,0.0,0.5,0.0679615229067212,0.7536742728222104,0.9475627538598204,0.029619777196641033,91.03,16.51,4.5965,0.5751908284988719,,
CNN-LSTM (+Weather),2026.0,1,validation,validation_crps,0.7541,1.2087,1.4609,3.591,5.7557,0.0805,0.2837,0.2163,22.2703,79.668,63.81,0.9195,0.9598,-0.0815,0.1117,4249,0.9664,1.5739,0.3137,99.59,0.1647,0.0268,-0.0126,16.5961,0.963,0.6781,1.0677,1613,0.7541,,,,,,,,,,0.7541186336393352,0.0146,0.5037
CNN-LSTM (+Weather),2026.0,1,test,validation_crps,0.8367,1.3443,1.8073,3.9843,6.4017,0.0826,0.2874,0.2258,23.1391,73.9578,66.74,0.9174,0.959,-0.2118,0.1159,8736,0.9976,1.6486,0.3328,97.32,0.2747,0.1575,-0.016,16.6221,1.0988,0.7169,1.1047,3269,0.8367,,,,,,,,,,0.8367117215124812,0.0276,0.5067
LightGBM (24h matched),2026.0,1,validation,validation_crps,0.7723,1.1945,1.4269,3.6778,5.6882,0.0786,0.2804,0.2215,22.8087,78.6903,92.83,0.9214,0.9603,-0.0254,0.1123,4249,0.9739,1.5223,0.2858,93.14,1.012,1.1565,-0.1724,17.4453,0.9718,0.6849,1.0297,1613,0.7723,,,,,,,,,,0.7723474363306208,0.0582,0.5131
LightGBM (24h matched),2026.0,1,test,validation_crps,0.8209,1.2867,1.6556,3.909,6.1271,0.0757,0.2751,0.2215,22.7014,68.609,98.12,0.9243,0.9623,-0.0632,0.1119,8736,1.0187,1.6189,0.3116,92.25,0.8242,2.7686,-0.2344,17.8689,1.0419,0.6532,0.9873,3269,0.8209,,,,,,,,,,0.8208848832926825,0.0654,0.5156
Quantile LightGBM (24h matched),2026.0,1,validation,validation_crps,0.7458,1.2675,1.6065,4.055,6.0356,0.0885,0.2975,0.2442,25.1477,82.1469,124.39,0.9115,0.9581,-0.0563,0.1213,4249,0.9492,1.4808,0.2655,87.88,0.0,0.0,0.0707,15.2569,1.0785,0.7334,1.0566,1613,0.8516,0.0,0.5,0.1580015762297073,0.6777769412796738,0.9285360259334549,0.1664461607201695,92.56,19.23,4.8762,0.5512473144100676,,
Quantile LightGBM (24h matched),2026.0,1,test,validation_crps,0.8051,1.395,1.9462,4.3352,6.6431,0.0889,0.2982,0.2457,25.1768,71.8083,121.59,0.9111,0.9591,-0.1027,0.1236,8736,0.9967,1.5862,0.2848,86.82,0.0,0.0,0.0673,15.3456,1.1637,0.6891,1.0064,3269,0.9104,0.0,0.5,0.1179357134844386,0.5986474754427169,0.925919459404493,0.11626138348214292,92.0,20.61,5.3698,0.5960258198523055,,
Hurdle Quantile LightGBM (24h matched),2026.0,1,validation,validation_crps,0.7356,1.2328,1.5198,3.8722,5.8704,0.0838,0.2894,0.2332,24.0141,81.5117,116.09,0.9162,0.9593,-0.0389,0.1172,4249,0.9526,1.4791,0.2749,89.63,0.0,0.0,0.0153,15.795,1.0262,0.7149,1.0396,1613,0.8132,0.0,0.5,0.06808871979383536,0.8204040523861755,0.9582933292613484,0.01295155326428122,93.86,17.94,4.5818,0.5380244603280304,,
Hurdle Quantile LightGBM (24h matched),2026.0,1,test,validation_crps,0.7921,1.3489,1.8195,4.1421,6.4233,0.0832,0.2884,0.2347,24.0551,70.9941,113.39,0.9168,0.9605,-0.0747,0.1187,8736,1.002,1.588,0.2951,88.69,0.0,0.0,0.0187,15.9798,1.106,0.6768,0.994,3269,0.8698,0.0,0.5,0.06425022872710139,0.7585242808473731,0.9539911512404955,0.01777251739532787,92.81,18.74,5.0209,0.5813396545867211,,
EMFN (Proposed),2026.0,3,validation,validation_crps,1.2943,2.0593,4.2408,6.4746,9.8063,0.235,0.4848,0.3913,40.3252,92.1955,190.36,0.765,0.877,-0.1014,0.2021,4247,0.9733,1.5173,0.0747,81.67,0.0,0.0,0.0344,14.3295,1.7249,1.1529,1.6986,1614,1.3597,0.0,0.5,0.10625261320506207,0.6556523273421864,0.902661817636282,0.026346890809734163,93.6,26.91,6.9815,0.9258943636756547,,
EMFN (Proposed),2026.0,3,test,validation_crps,1.4957,2.335,5.4524,7.3527,11.1192,0.2491,0.4991,0.4166,42.6943,85.1972,220.34,0.7509,0.8736,-0.2488,0.2149,8734,1.0371,1.6501,0.108,77.61,0.0,0.0,0.0274,14.498,1.9923,1.2116,1.8027,3267,1.5441,0.0,0.5,0.09600406798843318,0.5508760820243449,0.8828384866706431,0.022090662765982684,91.52,28.52,7.9571,1.0617343646543747,,
CNN-LSTM (+Weather),2026.0,3,validation,validation_crps,1.3325,2.1288,4.5317,6.3454,10.137,0.2511,0.5011,0.3835,39.5205,91.795,151.77,0.7489,0.868,-0.1012,0.2016,4247,0.9962,1.5938,0.0432,93.14,0.5416,0.4251,-0.0548,15.6494,1.691,1.2181,1.9312,1614,1.3325,,,,,,,,,,1.3325268655841838,0.0368,0.5087
CNN-LSTM (+Weather),2026.0,3,test,validation_crps,1.4995,2.3883,5.7038,7.1407,11.3727,0.2606,0.5105,0.4046,41.4632,87.4823,155.66,0.7394,0.8644,-0.4064,0.2145,8734,1.0288,1.6797,0.1019,88.04,0.2175,0.3202,-0.0555,16.3509,1.976,1.1903,1.8932,3267,1.4995,,,,,,,,,,1.4995446227492477,0.0152,0.5033
LightGBM (24h matched),2026.0,3,validation,validation_crps,1.4311,2.0971,4.398,6.815,9.9864,0.2437,0.4937,0.4119,42.4454,93.2602,222.2,0.7563,0.8722,-0.0058,0.2051,4247,1.062,1.6128,0.0218,80.61,1.5305,10.3189,-0.6636,16.3616,1.7904,1.2333,1.7859,1614,1.4311,,,,,,,,,,1.4311461570862678,0.0705,0.5144
LightGBM (24h matched),2026.0,3,test,validation_crps,1.5873,2.3372,5.4626,7.5588,11.1296,0.2496,0.4996,0.4283,43.8908,86.5928,258.46,0.7504,0.8717,-0.0694,0.2127,8734,1.1107,1.7108,0.0712,77.59,1.4541,20.4558,-0.8796,16.1765,2.0015,1.2312,1.7768,3267,1.5873,,,,,,,,,,1.587342731567178,0.0747,0.5156
Quantile LightGBM (24h matched),2026.0,3,validation,validation_crps,1.3338,2.2271,4.96,7.3364,10.6053,0.2748,0.5243,0.4434,45.693,96.1272,266.25,0.7252,0.8633,-0.1058,0.2248,4247,1.0251,1.5886,-0.0795,72.36,0.0,0.0,0.2192,12.9693,1.9523,1.2759,1.784,1614,1.5406,0.0,0.5,0.1595272192135625,0.5582577918594083,0.8699585149812663,0.14588886272663057,92.84,31.19,8.1519,0.9870193227111632,,
Quantile LightGBM (24h matched),2026.0,3,test,validation_crps,1.4976,2.5131,6.3155,8.1538,11.967,0.2886,0.5372,0.462,47.3456,89.0232,286.48,0.7114,0.859,-0.1729,0.2356,8734,1.0697,1.681,-0.008,70.07,0.0,0.0,0.215,13.1884,2.1836,1.2563,1.7837,3267,1.7123,0.0,0.5,0.12044567208610031,0.46322897463916235,0.8598513243378311,0.09409777879551177,90.97,32.97,9.3426,1.1103651597880173,,
Hurdle Quantile LightGBM (24h matched),2026.0,3,validation,validation_crps,1.3206,2.1685,4.7024,7.0897,10.3261,0.2606,0.5105,0.4285,44.1566,95.175,249.79,0.7394,0.867,-0.0513,0.2158,4247,1.0277,1.5786,-0.0527,75.72,0.0,0.0,0.0864,13.8675,1.8739,1.2661,1.7817,1614,1.4888,0.0,0.5,0.10761531775781107,0.6412933760368733,0.8995526661403167,0.030212293624472798,93.76,30.71,7.9716,0.9630199651723254,,
Hurdle Quantile LightGBM (24h matched),2026.0,3,test,validation_crps,1.4859,2.4442,5.9739,7.9157,11.6388,0.273,0.5225,0.4485,45.9633,88.3427,280.77,0.727,0.8627,-0.1021,0.2258,8734,1.0717,1.6751,0.0146,73.32,0.0,0.0,0.0909,14.3747,2.1034,1.2567,1.788,3267,1.6623,0.0,0.5,0.0931750569898026,0.5553595655198198,0.8898253446241549,0.015763891183810174,91.52,32.34,9.2551,1.0878315573929704,,
EMFN (Proposed),2026.0,6,validation,validation_crps,1.6524,2.6064,6.7934,8.2182,12.4115,0.3808,0.6171,0.4994,51.5519,99.1673,263.57,0.6192,0.7874,-0.1063,0.2587,4244,0.89,1.4031,0.1839,80.06,0.0,0.0,0.1712,12.9448,2.1838,1.4695,2.1833,1619,1.7258,0.0,0.5,0.12141091153164728,0.5653637169690366,0.8637631834794206,0.019274333472610306,92.04,31.78,9.2784,1.1830347881743013,,
EMFN (Proposed),2026.0,6,test,validation_crps,2.0308,3.1669,10.0294,9.8355,15.0806,0.4582,0.6769,0.5572,57.0936,94.1365,318.4,0.5418,0.7395,-0.3314,0.2968,8731,1.0116,1.5934,0.1313,73.52,0.0,0.0,0.1813,14.1784,2.6647,1.5734,2.39,3264,2.0655,0.0,0.5,0.11512087547807005,0.4302330114494618,0.8194235729720752,0.04448648771801678,90.09,34.39,11.3978,1.450609457407833,,
CNN-LSTM (+Weather),2026.0,6,validation,validation_crps,1.8493,2.9651,8.7916,8.8062,14.1194,0.4928,0.702,0.5351,55.2403,104.8252,201.73,0.5072,0.73,-0.3937,0.2943,4244,0.91,1.4617,-0.0052,86.05,0.4948,0.26,-0.0427,14.0472,2.41,1.5917,2.459,1619,1.8493,,,,,,,,,,1.8492924628598744,0.0266,0.5056
CNN-LSTM (+Weather),2026.0,6,test,validation_crps,2.1134,3.4202,11.6976,10.0639,16.2865,0.5344,0.731,0.5701,58.4193,101.4972,209.79,0.4656,0.7096,-0.8918,0.3302,8731,0.9923,1.595,-0.0032,74.97,2.1876,6.1105,-0.0759,15.9624,2.8647,1.55,2.4284,3264,2.1134,,,,,,,,,,2.113412523470474,0.1014,0.5213
LightGBM (24h matched),2026.0,6,validation,validation_crps,1.8355,2.6041,6.7814,8.7404,12.4006,0.3801,0.6165,0.5311,54.8279,100.0161,341.17,0.6199,0.7914,0.0212,0.2629,4244,0.9908,1.4807,0.146,71.19,0.7304,4.1254,-0.4801,14.6813,2.2891,1.5245,2.092,1619,1.8355,,,,,,,,,,1.835486746841186,0.0365,0.5074
LightGBM (24h matched),2026.0,6,test,validation_crps,2.1528,3.0982,9.5987,10.2514,14.7532,0.4385,0.6622,0.5807,59.5077,95.5587,413.5,0.5615,0.7557,-0.0755,0.292,8731,1.0909,1.653,0.109,65.91,0.6299,8.4464,-1.1465,15.9553,2.7098,1.6013,2.2433,3264,2.1528,,,,,,,,,,2.1527855704681116,0.0284,0.505
Quantile LightGBM (24h matched),2026.0,6,validation,validation_crps,1.671,2.6867,7.2182,9.095,12.7936,0.4046,0.6361,0.5527,57.0524,102.4747,368.74,0.5954,0.793,-0.1488,0.2826,4244,0.9098,1.4058,0.0984,61.38,0.0,0.0,0.215,11.6646,2.4246,1.5179,2.015,1619,1.91,0.0,0.5,0.15924615928369462,0.507801480610267,0.8443482512801719,0.13299481621112155,93.19,36.08,9.6428,1.21621202470525,,
Quantile LightGBM (24h matched),2026.0,6,test,validation_crps,1.9825,3.2009,10.2456,10.6161,15.2423,0.4681,0.6842,0.6014,61.6251,97.5174,423.33,0.5319,0.7558,-0.2425,0.3138,8731,1.0093,1.5638,0.057,56.44,0.0,0.0,0.34,11.9836,2.8474,1.5683,2.12,3264,2.2294,0.0,0.5,0.12250423777345094,0.3888934950240632,0.8110810958698964,0.08009964494330546,90.04,38.9,12.0087,1.4522937084036915,,
Hurdle Quantile LightGBM (24h matched),2026.0,6,validation,validation_crps,1.6683,2.6586,7.0684,8.9718,12.6602,0.3962,0.6294,0.5452,56.2795,101.818,360.04,0.6038,0.7906,-0.081,0.2756,4244,0.9131,1.4028,0.117,64.63,0.0,0.0,0.1957,12.5198,2.3754,1.5231,2.039,1619,1.8841,0.0,0.5,0.12528038159006147,0.5465254801480635,0.8590770673629987,0.04437267024971803,93.71,36.78,9.6565,1.2028501060983587,,
Hurdle Quantile LightGBM (24h matched),2026.0,6,test,validation_crps,1.9778,3.1548,9.9527,10.4972,15.0228,0.4547,0.6743,0.5947,60.9347,96.9531,426.47,0.5453,0.7571,-0.151,0.3047,8731,1.0108,1.5612,0.0743,59.33,0.0,0.0,0.2407,12.9794,2.7933,1.5912,2.1605,3264,2.2044,0.0,0.5,0.11104473142579978,0.4227231551978049,0.825925968591514,0.021252920368163206,90.93,39.88,12.1149,1.4386142688232546,,
EMFN (Proposed),2026.0,9,validation,validation_crps,1.9469,3.0382,9.2306,9.9469,14.4676,0.5221,0.7226,0.6076,62.7905,106.4583,386.51,0.4779,0.6926,-0.0158,0.3073,4241,0.8856,1.37,0.1521,73.39,0.0,0.0,0.3027,12.3555,2.615,1.7433,2.4686,1624,2.0889,0.0,0.5,0.1328535372738756,0.49901316055161843,0.8262594846983482,0.023217474738260233,92.31,39.74,11.3998,1.4188399654120607,,
EMFN (Proposed),2026.0,9,test,validation_crps,2.2894,3.4965,12.2254,11.431,16.6499,0.5583,0.7472,0.6474,66.351,100.1057,426.41,0.4417,0.6662,-0.2156,0.3328,8728,0.9748,1.5124,0.1461,65.93,0.0,0.0,0.3032,13.3813,3.0545,1.8308,2.587,3261,2.4005,0.0,0.5,0.12518942051058962,0.35339694630039015,0.7732750503906209,0.056244792964729444,93.06,43.36,12.7896,1.6382655936451997,,
CNN-LSTM (+Weather),2026.0,9,validation,validation_crps,2.0452,3.2487,10.5542,9.7391,15.4701,0.5969,0.7726,0.5949,61.4785,101.394,257.25,0.4031,0.6586,-0.6006,0.3398,4241,0.8712,1.3775,0.0863,75.97,11.4124,37.9837,-0.1977,13.8977,2.7067,1.6049,2.4681,1624,2.0452,,,,,,,,,,2.045208457407955,0.3798,0.6109
CNN-LSTM (+Weather),2026.0,9,test,validation_crps,2.4004,3.8868,15.1068,11.4305,18.5083,0.6899,0.8306,0.6473,66.3482,106.0381,232.46,0.3101,0.6127,-1.137,0.3889,8728,0.9593,1.531,0.0645,69.19,8.4212,76.7172,-0.2518,14.7673,3.2847,1.6342,2.5468,3261,2.4004,,,,,,,,,,2.400395967024031,0.2758,0.5746
LightGBM (24h matched),2026.0,9,validation,validation_crps,2.1672,3.0051,9.0303,10.3199,14.3098,0.5108,0.7147,0.6303,65.1449,105.754,442.93,0.4892,0.7006,0.0952,0.3071,4241,0.9689,1.4112,0.1539,66.7,0.0943,0.4258,-0.1349,15.0297,2.6852,1.7654,2.3522,1624,2.1672,,,,,,,,,,2.167180007411981,0.0021,0.5001
LightGBM (24h matched),2026.0,9,test,validation_crps,2.5385,3.5247,12.4235,12.0881,16.7842,0.5674,0.7532,0.6846,70.1657,102.4387,513.61,0.4326,0.6604,-0.0102,0.336,8728,1.035,1.5512,0.1348,60.12,0.1604,6.3518,-1.7257,16.2176,3.1757,1.8954,2.5351,3261,2.5385,,,,,,,,,,2.538508841858899,0.0014,0.4995
Quantile LightGBM (24h matched),2026.0,9,validation,validation_crps,1.9442,3.0027,9.0164,10.4496,14.2987,0.51,0.7141,0.6383,65.9635,107.1894,469.13,0.49,0.7198,-0.0933,0.3213,4241,0.8728,1.3326,0.1361,55.38,0.0,0.0,0.2927,11.1765,2.7663,1.7022,2.1807,1624,2.1944,0.0,0.5,0.16346672954491864,0.4779733465393081,0.8166688271540218,0.12708323508606462,93.0,40.88,11.1307,1.398579003553286,,
Quantile LightGBM (24h matched),2026.0,9,test,validation_crps,2.3013,3.5761,12.7888,12.3063,17.0292,0.5841,0.7642,0.6969,71.4319,103.4784,526.36,0.4159,0.6687,-0.1829,0.3554,8728,0.9404,1.4647,0.1248,49.63,0.0,0.0,0.5071,12.1899,3.2761,1.8288,2.3591,3261,2.5843,0.0,0.5,0.12675166131989,0.3447661626237566,0.7762050916519634,0.07408913840513288,90.46,43.95,13.7009,1.6738937528708249,,
Hurdle Quantile LightGBM (24h matched),2026.0,9,validation,validation_crps,1.9411,2.985,8.9102,10.3643,14.2143,0.504,0.7099,0.633,65.4251,106.8969,465.24,0.496,0.7186,-0.0526,0.3163,4241,0.8767,1.3267,0.156,57.66,0.0,0.0,0.3258,11.7051,2.7338,1.7126,2.2081,1624,2.1765,0.0,0.5,0.13862637258994817,0.48565715223079914,0.820844763264598,0.04733220355716821,93.33,41.62,11.058,1.3885242089023624,,
Hurdle Quantile LightGBM (24h matched),2026.0,9,test,validation_crps,2.2999,3.5552,12.6396,12.2571,16.9296,0.5772,0.7598,0.6941,71.1462,103.2394,528.72,0.4228,0.6675,-0.1168,0.3494,8728,0.9429,1.4599,0.1439,51.86,0.0,0.0,0.2805,12.6119,3.2467,1.8629,2.4074,3261,2.574,0.0,0.5,0.11840291754684433,0.37509496975788337,0.7850066438405894,0.0144570997707847,90.59,44.88,13.6874,1.6679238787885349,,
EMFN (Proposed),2026.0,12,validation,validation_crps,2.1353,3.2857,10.7958,11.216,15.6462,0.6154,0.7845,0.6883,71.1266,110.1093,494.71,0.3846,0.6391,0.3178,0.322,4238,0.9063,1.3907,0.1465,77.39,0.0,0.0,0.4396,12.8045,2.8648,2.0706,2.8355,1631,2.3554,0.0,0.5,0.13890756208638477,0.47314235426911655,0.8063722275869054,0.03232150129998501,91.18,42.68,12.3022,1.5505047945376271,,
EMFN (Proposed),2026.0,12,test,validation_crps,2.515,3.834,14.6997,12.8488,18.2573,0.6712,0.8192,0.7275,74.5683,104.5663,542.22,0.3288,0.5809,0.0398,0.3568,8725,0.995,1.5462,0.1199,67.35,0.0,0.0,0.4395,13.3661,3.3628,2.1029,2.9216,3258,2.6982,0.0,0.5,0.12576877675424403,0.34082253011225483,0.7481874690513618,0.04905606460093087,90.92,45.79,14.5778,1.8159464700666803,,
CNN-LSTM (+Weather),2026.0,12,validation,validation_crps,2.2016,3.5047,12.2826,10.4839,16.6888,0.7002,0.8368,0.6433,66.4837,112.0221,234.68,0.2998,0.6092,-1.1184,0.4019,4238,0.8433,1.35,0.1077,61.44,0.0,0.0,0.1154,13.794,3.0316,1.5627,2.3838,1631,2.2016,,,,,,,,,,2.2016127103853416,0.0,0.5
CNN-LSTM (+Weather),2026.0,12,test,validation_crps,2.6324,4.2136,17.7546,12.5351,20.0648,0.8106,0.9003,0.7097,72.7478,110.8955,273.18,0.1894,0.5334,-1.407,0.4437,8725,0.9545,1.5398,0.0419,60.21,0.4928,9.8865,-0.4507,15.5369,3.6422,1.7067,2.6044,3258,2.6324,,,,,,,,,,2.632365576899115,0.0014,0.4975
LightGBM (24h matched),2026.0,12,validation,validation_crps,2.3116,3.1772,10.0946,11.0076,15.1295,0.5755,0.7586,0.6755,69.8051,108.1695,485.05,0.4245,0.652,0.0577,0.3302,4238,0.9837,1.4158,0.1667,63.08,0.1888,0.5958,-0.1331,13.3603,2.8751,1.8391,2.4232,1631,2.3116,,,,,,,,,,2.311603139118167,0.0103,0.5021
LightGBM (24h matched),2026.0,12,test,validation_crps,2.7746,3.7912,14.3733,13.2125,18.0534,0.6563,0.8101,0.7481,76.6794,105.4339,593.71,0.3437,0.5868,0.0355,0.3636,8725,1.0646,1.5722,0.1386,56.5,0.0917,3.0894,-0.8022,15.0801,3.4594,2.0493,2.6983,3258,2.7746,,,,,,,,,,2.7746308555484784,0.0,0.4995
Quantile LightGBM (24h matched),2026.0,12,validation,validation_crps,2.1096,3.1998,10.2386,11.2818,15.237,0.5837,0.764,0.6923,71.544,109.6807,525.91,0.4163,0.6624,-0.0724,0.3468,4238,0.8813,1.3343,0.1553,51.35,0.0,0.0,0.5151,10.5109,2.9796,1.8066,2.2756,1631,2.3692,0.0,0.5,0.1681139452571968,0.43149195232965387,0.7847325842111498,0.12293770646531381,93.35,42.84,11.8098,1.5171541104947355,,
Quantile LightGBM (24h matched),2026.0,12,test,validation_crps,2.5135,3.8124,14.5347,13.3512,18.1545,0.6636,0.8146,0.7559,77.484,106.5448,607.16,0.3364,0.5979,-0.1278,0.381,8725,0.9564,1.4718,0.1305,45.54,0.0,0.0,0.6343,11.5635,3.5366,1.9768,2.4941,3258,2.8037,0.0,0.5,0.12965645845272203,0.306364424427011,0.7375684713097358,0.06863495702005733,90.02,46.27,14.662,1.8178031654842206,,
Hurdle Quantile LightGBM (24h matched),2026.0,12,validation,validation_crps,2.109,3.1958,10.2132,11.2326,15.2181,0.5822,0.763,0.6893,71.2318,109.5573,519.04,0.4178,0.6584,-0.0436,0.3437,4238,0.8854,1.3286,0.1696,53.33,0.0,0.0,0.3526,10.5675,2.9595,1.8231,2.3093,1631,2.3588,0.0,0.5,0.1436083436175323,0.46864172496262146,0.8007520647326922,0.04633854412915902,93.25,43.85,11.8816,1.5132982391458891,,
Hurdle Quantile LightGBM (24h matched),2026.0,12,test,validation_crps,2.5209,3.7992,14.4335,13.3224,18.0912,0.659,0.8118,0.7543,77.3171,106.4018,608.39,0.341,0.5985,-0.0878,0.3772,8725,0.9561,1.4647,0.1464,46.85,0.0,0.0,0.4566,11.9106,3.5191,2.0007,2.5273,3258,2.7977,0.0,0.5,0.12272008669480249,0.33963824729200476,0.7529933109628844,0.012763442901087756,90.09,47.32,14.6057,1.812986147510712,,
EMFN (Proposed),2026.0,24,validation,validation_crps,2.6229,3.7853,14.3288,13.1034,18.0254,0.8304,0.9112,0.8132,83.7955,117.4146,562.23,0.1696,0.4411,-0.5875,0.4506,4226,0.8163,1.2878,0.1975,37.08,0.0,0.0,0.6993,8.2999,3.5865,1.8894,2.387,1642,2.7517,0.0,0.5,0.1575798931143258,0.3424140435364473,0.7113900485922099,0.034550169675879386,91.36,44.41,13.9109,1.8719861032517053,,
EMFN (Proposed),2026.0,24,test,validation_crps,3.0593,4.4451,19.759,15.247,21.1672,0.9015,0.9495,0.863,88.4989,112.879,660.4,0.0985,0.3391,-0.5761,0.4714,8713,0.89,1.4201,0.1534,37.57,0.0,0.0,0.823,9.1072,4.1464,2.121,2.7137,3253,3.2019,0.0,0.5,0.13440910598599642,0.23182069095598684,0.6510175087491779,0.043358366052688196,89.43,48.62,16.8976,2.1946382639519655,,
CNN-LSTM (+Weather),2026.0,24,validation,validation_crps,2.6473,4.1344,17.0936,12.6061,19.6878,0.9906,0.9953,0.7823,80.6148,121.4788,306.9,0.0094,0.3737,-1.4802,0.5275,4226,0.8233,1.3234,0.0328,43.12,0.0,0.0,0.2758,7.8262,3.6791,1.6933,2.5223,1642,2.6473,,,,,,,,,,2.647271333302579,0.0,0.5
CNN-LSTM (+Weather),2026.0,24,test,validation_crps,3.0498,4.6767,21.8716,14.5231,22.27,0.9979,0.9989,0.8221,84.2969,116.4423,410.51,0.0021,0.3424,-1.5497,0.5338,8713,0.8913,1.4428,0.0466,41.7,0.0,0.0,0.0487,9.6882,4.1997,1.8541,2.6125,3253,3.0498,,,,,,,,,,3.049841189490848,0.0,0.5
LightGBM (24h matched),2026.0,24,validation,validation_crps,2.8689,3.7094,13.7598,13.6613,17.6639,0.7974,0.893,0.8478,87.3631,115.0786,736.65,0.2026,0.4538,0.1029,0.409,4226,0.8853,1.3053,0.239,40.15,0.0,0.0,0.685,9.8978,3.5604,2.1752,2.6329,1642,2.8689,,,,,,,,,,2.8688757409781704,0.0,0.5
LightGBM (24h matched),2026.0,24,test,validation_crps,3.3772,4.3946,19.3125,16.0818,20.9267,0.8811,0.9387,0.9103,93.3446,113.4531,820.07,0.1189,0.3461,0.0135,0.4416,8713,0.9566,1.4564,0.1802,37.56,0.0,0.0,0.7628,11.2386,4.2181,2.3455,2.8534,3253,3.3772,,,,,,,,,,3.377186179986735,0.0,0.5
Quantile LightGBM (24h matched),2026.0,24,validation,validation_crps,2.5394,3.7084,13.7525,13.7977,17.6592,0.797,0.8927,0.8562,88.2351,115.4657,747.78,0.203,0.4761,0.062,0.4167,4226,0.8176,1.2525,0.3016,32.3,0.0,0.0,0.9597,7.9423,3.6064,2.1488,2.5393,1642,2.8975,0.0,0.5,0.1813493847610033,0.33663606700875137,0.6859734844407539,0.1278868906767629,93.85,53.22,13.3992,1.8169021727022756,,
Quantile LightGBM (24h matched),2026.0,24,test,validation_crps,3.0006,4.3667,19.0682,16.0353,20.7939,0.87,0.9327,0.9077,93.0742,113.6049,816.8,0.13,0.3697,-0.0567,0.4489,8713,0.8813,1.3969,0.2296,28.92,0.0,0.0,1.0017,8.5841,4.2234,2.304,2.7312,3253,3.3674,0.0,0.5,0.13975381613680707,0.20906965670741084,0.5953928887559568,0.07465855618042005,90.66,54.3,16.8024,2.1627912282492536,,
Hurdle Quantile LightGBM (24h matched),2026.0,24,validation,validation_crps,2.5101,3.7087,13.7543,13.804,17.6604,0.7971,0.8928,0.8566,88.2759,115.6377,742.36,0.2029,0.4739,0.0704,0.416,4226,0.827,1.2582,0.2877,32.76,0.0,0.0,0.6045,7.7394,3.606,2.1575,2.5457,1642,2.8988,0.0,0.5,0.16022064964862565,0.36401344690019966,0.7128909353487823,0.04586837696169385,94.06,53.56,13.3011,1.818217754138315,,
Hurdle Quantile LightGBM (24h matched),2026.0,24,test,validation_crps,3.017,4.3817,19.1997,16.1124,20.8654,0.876,0.9359,0.912,93.5223,113.8103,822.16,0.124,0.3582,-0.0318,0.4491,8713,0.8928,1.4051,0.2106,29.32,0.0,0.0,0.8231,8.4287,4.2375,2.334,2.7661,3253,3.3836,0.0,0.5,0.13294969865963027,0.24211572786934749,0.65168114325286,0.02132988590517071,90.76,55.08,16.4622,2.1757915529499954,,
EMFN (Proposed),3407.0,1,validation,validation_crps,0.7269,1.1708,1.3708,3.54,5.5754,0.0755,0.2749,0.2132,21.954,78.7288,91.93,0.9245,0.9616,-0.0416,0.1095,4249,0.9313,1.4886,0.3446,95.01,0.0,0.0,0.0042,17.4693,0.9397,0.6548,0.9915,1613,0.7434,0.0,0.5,0.07319882035844809,0.8194030175899509,0.9536339285430246,0.01877070239636451,91.6,15.29,4.0677,0.5232530099615886,,
EMFN (Proposed),3407.0,1,test,validation_crps,0.8107,1.3056,1.7045,3.8859,6.217,0.0779,0.2791,0.2202,22.5672,70.9858,82.53,0.9221,0.9611,-0.142,0.1136,8736,0.973,1.5842,0.3593,93.49,0.0,0.0,0.0036,17.6424,1.0555,0.6693,1.0323,3269,0.816,0.0,0.5,0.0711819274254298,0.7527520898443592,0.9441146252036154,0.037120550747016014,89.19,15.76,4.6804,0.5865030516911989,,
CNN-LSTM (+Weather),3407.0,1,validation,validation_crps,0.7882,1.2688,1.6098,3.7533,6.0417,0.0887,0.2978,0.2261,23.2767,61.3799,68.9,0.9113,0.9555,-0.1701,0.1196,4249,0.9298,1.4975,0.2903,95.05,19.4399,76.1348,-0.2515,15.8885,1.0278,0.7167,1.1134,1613,0.7882,,,,,,,,,,0.7881961798751514,0.6573,0.77
CNN-LSTM (+Weather),3407.0,1,test,validation_crps,0.8862,1.417,2.0079,4.2199,6.7477,0.0918,0.3029,0.2391,24.5069,63.909,73.88,0.9082,0.9549,-0.2746,0.1238,8736,0.9794,1.6165,0.2997,94.41,14.984,130.8628,-0.264,16.7346,1.1764,0.7528,1.1387,3269,0.8862,,,,,,,,,,0.886169747529761,0.6106,0.7604
LightGBM (24h matched),3407.0,1,validation,validation_crps,0.7723,1.1945,1.4269,3.6778,5.6882,0.0786,0.2804,0.2215,22.8087,78.6903,92.83,0.9214,0.9603,-0.0254,0.1123,4249,0.9739,1.5223,0.2858,93.14,1.012,1.1565,-0.1724,17.4453,0.9718,0.6849,1.0297,1613,0.7723,,,,,,,,,,0.7723474363306208,0.0582,0.5131
LightGBM (24h matched),3407.0,1,test,validation_crps,0.8209,1.2867,1.6556,3.909,6.1271,0.0757,0.2751,0.2215,22.7014,68.609,98.12,0.9243,0.9623,-0.0632,0.1119,8736,1.0187,1.6189,0.3116,92.25,0.8242,2.7686,-0.2344,17.8689,1.0419,0.6532,0.9873,3269,0.8209,,,,,,,,,,0.8208848832926825,0.0654,0.5156
Quantile LightGBM (24h matched),3407.0,1,validation,validation_crps,0.7458,1.2675,1.6065,4.055,6.0356,0.0885,0.2975,0.2442,25.1477,82.1469,124.39,0.9115,0.9581,-0.0563,0.1213,4249,0.9492,1.4808,0.2655,87.88,0.0,0.0,0.0707,15.2569,1.0785,0.7334,1.0566,1613,0.8516,0.0,0.5,0.1580015762297073,0.6777769412796738,0.9285360259334549,0.1664461607201695,92.56,19.23,4.8762,0.5512473144100676,,
Quantile LightGBM (24h matched),3407.0,1,test,validation_crps,0.8051,1.395,1.9462,4.3352,6.6431,0.0889,0.2982,0.2457,25.1768,71.8083,121.59,0.9111,0.9591,-0.1027,0.1236,8736,0.9967,1.5862,0.2848,86.82,0.0,0.0,0.0673,15.3456,1.1637,0.6891,1.0064,3269,0.9104,0.0,0.5,0.1179357134844386,0.5986474754427169,0.925919459404493,0.11626138348214292,92.0,20.61,5.3698,0.5960258198523055,,
Hurdle Quantile LightGBM (24h matched),3407.0,1,validation,validation_crps,0.7356,1.2328,1.5198,3.8722,5.8704,0.0838,0.2894,0.2332,24.0141,81.5117,116.09,0.9162,0.9593,-0.0389,0.1172,4249,0.9526,1.4791,0.2749,89.63,0.0,0.0,0.0153,15.795,1.0262,0.7149,1.0396,1613,0.8132,0.0,0.5,0.06808871979383536,0.8204040523861755,0.9582933292613484,0.01295155326428122,93.86,17.94,4.5818,0.5380244603280304,,
Hurdle Quantile LightGBM (24h matched),3407.0,1,test,validation_crps,0.7921,1.3489,1.8195,4.1421,6.4233,0.0832,0.2884,0.2347,24.0551,70.9941,113.39,0.9168,0.9605,-0.0747,0.1187,8736,1.002,1.588,0.2951,88.69,0.0,0.0,0.0187,15.9798,1.106,0.6768,0.994,3269,0.8698,0.0,0.5,0.06425022872710139,0.7585242808473731,0.9539911512404955,0.01777251739532787,92.81,18.74,5.0209,0.5813396545867211,,
EMFN (Proposed),3407.0,3,validation,validation_crps,1.2525,2.0258,4.1038,6.3306,9.6466,0.2274,0.4769,0.3826,39.4285,91.5545,197.25,0.7726,0.881,0.1999,0.1892,4247,1.0155,1.5753,0.1028,91.65,0.0,0.0,0.0645,15.7076,1.6118,1.2149,1.8146,1614,1.3294,0.0,0.5,0.1044103529350791,0.6711308388407476,0.9069028121579203,0.031425379795595315,93.6,27.01,7.0678,0.9037700258135657,,
EMFN (Proposed),3407.0,3,test,validation_crps,1.4262,2.2537,5.0794,7.0359,10.7321,0.2321,0.4818,0.3986,40.8549,84.8308,204.65,0.7679,0.8763,-0.0259,0.1986,8734,1.0568,1.6826,0.1413,87.2,0.0,0.0,0.0592,16.3881,1.8534,1.2276,1.8628,3267,1.4775,0.0,0.5,0.09367011005618175,0.5728314582793731,0.8883536342427865,0.018039831779479217,91.63,27.49,7.8663,1.0176651536989507,,
CNN-LSTM (+Weather),3407.0,3,validation,validation_crps,1.3405,2.2034,4.855,6.3834,10.4924,0.269,0.5187,0.3858,39.7576,82.0627,114.34,0.731,0.8622,-0.4316,0.2145,4247,0.9508,1.5219,0.1192,90.73,19.0252,85.8179,-0.3726,15.7281,1.7836,1.213,1.9368,1614,1.3405,,,,,,,,,,1.3405216379025282,0.551,0.7053
CNN-LSTM (+Weather),3407.0,3,test,validation_crps,1.5553,2.5026,6.2631,7.4061,11.9172,0.2862,0.535,0.4196,43.0042,89.6278,124.67,0.7138,0.8584,-0.7097,0.2307,8734,0.9968,1.63,0.1411,85.2,14.3462,107.7046,-0.3217,16.2408,2.1215,1.2294,1.9367,3267,1.5553,,,,,,,,,,1.5552788726085023,0.4442,0.6636
LightGBM (24h matched),3407.0,3,validation,validation_crps,1.4311,2.0971,4.398,6.815,9.9864,0.2437,0.4937,0.4119,42.4454,93.2602,222.2,0.7563,0.8722,-0.0058,0.2051,4247,1.062,1.6128,0.0218,80.61,1.5305,10.3189,-0.6636,16.3616,1.7904,1.2333,1.7859,1614,1.4311,,,,,,,,,,1.4311461570862678,0.0705,0.5144
LightGBM (24h matched),3407.0,3,test,validation_crps,1.5873,2.3372,5.4626,7.5588,11.1296,0.2496,0.4996,0.4283,43.8908,86.5928,258.46,0.7504,0.8717,-0.0694,0.2127,8734,1.1107,1.7108,0.0712,77.59,1.4541,20.4558,-0.8796,16.1765,2.0015,1.2312,1.7768,3267,1.5873,,,,,,,,,,1.587342731567178,0.0747,0.5156
Quantile LightGBM (24h matched),3407.0,3,validation,validation_crps,1.3338,2.2271,4.96,7.3364,10.6053,0.2748,0.5243,0.4434,45.693,96.1272,266.25,0.7252,0.8633,-0.1058,0.2248,4247,1.0251,1.5886,-0.0795,72.36,0.0,0.0,0.2192,12.9693,1.9523,1.2759,1.784,1614,1.5406,0.0,0.5,0.1595272192135625,0.5582577918594083,0.8699585149812663,0.14588886272663057,92.84,31.19,8.1519,0.9870193227111632,,
Quantile LightGBM (24h matched),3407.0,3,test,validation_crps,1.4976,2.5131,6.3155,8.1538,11.967,0.2886,0.5372,0.462,47.3456,89.0232,286.48,0.7114,0.859,-0.1729,0.2356,8734,1.0697,1.681,-0.008,70.07,0.0,0.0,0.215,13.1884,2.1836,1.2563,1.7837,3267,1.7123,0.0,0.5,0.12044567208610031,0.46322897463916235,0.8598513243378311,0.09409777879551177,90.97,32.97,9.3426,1.1103651597880173,,
Hurdle Quantile LightGBM (24h matched),3407.0,3,validation,validation_crps,1.3206,2.1685,4.7024,7.0897,10.3261,0.2606,0.5105,0.4285,44.1566,95.175,249.79,0.7394,0.867,-0.0513,0.2158,4247,1.0277,1.5786,-0.0527,75.72,0.0,0.0,0.0864,13.8675,1.8739,1.2661,1.7817,1614,1.4888,0.0,0.5,0.10761531775781107,0.6412933760368733,0.8995526661403167,0.030212293624472798,93.76,30.71,7.9716,0.9630199651723254,,
Hurdle Quantile LightGBM (24h matched),3407.0,3,test,validation_crps,1.4859,2.4442,5.9739,7.9157,11.6388,0.273,0.5225,0.4485,45.9633,88.3427,280.77,0.727,0.8627,-0.1021,0.2258,8734,1.0717,1.6751,0.0146,73.32,0.0,0.0,0.0909,14.3747,2.1034,1.2567,1.788,3267,1.6623,0.0,0.5,0.0931750569898026,0.5553595655198198,0.8898253446241549,0.015763891183810174,91.52,32.34,9.2551,1.0878315573929704,,
EMFN (Proposed),3407.0,6,validation,validation_crps,1.6215,2.5734,6.6226,8.3889,12.2545,0.3712,0.6092,0.5098,52.6227,99.4374,312.18,0.6288,0.7932,0.0279,0.2549,4244,0.9218,1.4344,0.19,77.65,0.0,0.0,0.2856,13.5099,2.1951,1.4891,2.1426,1619,1.7617,0.0,0.5,0.1210277009750542,0.5606488731298155,0.8645896960164514,0.02694803279711322,94.58,36.68,9.3302,1.1756401354720944,,
EMFN (Proposed),3407.0,6,test,validation_crps,1.9831,3.1035,9.6317,9.9406,14.7785,0.44,0.6633,0.5631,57.7038,94.7292,343.68,0.56,0.7519,-0.2327,0.2923,8731,1.0059,1.5778,0.1519,69.78,0.0,0.0,0.1672,13.7448,2.6676,1.5881,2.3142,3264,2.0875,0.0,0.5,0.1142967256398549,0.4338824376624027,0.8261455150413799,0.05104391520211219,93.33,38.83,11.1584,1.4210989802048646,,
CNN-LSTM (+Weather),3407.0,6,validation,validation_crps,1.7985,2.8892,8.3472,8.5641,13.7579,0.4678,0.684,0.5204,53.7219,97.6807,194.04,0.5322,0.7419,-0.4195,0.2898,4244,0.8902,1.4226,0.1414,83.37,9.7314,39.2638,-0.2849,14.9173,2.3529,1.5026,2.3442,1619,1.7985,,,,,,,,,,1.7984600246324218,0.3199,0.585
CNN-LSTM (+Weather),3407.0,6,test,validation_crps,2.1547,3.4357,11.8042,10.2604,16.3606,0.5393,0.7344,0.5812,59.5599,98.5102,237.05,0.4607,0.7006,-0.7599,0.3278,8731,0.9796,1.5627,0.1186,76.15,4.3294,30.4136,-0.2452,14.9277,2.8833,1.5638,2.4215,3264,2.1547,,,,,,,,,,2.1546744902099197,0.2295,0.5609
LightGBM (24h matched),3407.0,6,validation,validation_crps,1.8355,2.6041,6.7814,8.7404,12.4006,0.3801,0.6165,0.5311,54.8279,100.0161,341.17,0.6199,0.7914,0.0212,0.2629,4244,0.9908,1.4807,0.146,71.19,0.7304,4.1254,-0.4801,14.6813,2.2891,1.5245,2.092,1619,1.8355,,,,,,,,,,1.835486746841186,0.0365,0.5074
LightGBM (24h matched),3407.0,6,test,validation_crps,2.1528,3.0982,9.5987,10.2514,14.7532,0.4385,0.6622,0.5807,59.5077,95.5587,413.5,0.5615,0.7557,-0.0755,0.292,8731,1.0909,1.653,0.109,65.91,0.6299,8.4464,-1.1465,15.9553,2.7098,1.6013,2.2433,3264,2.1528,,,,,,,,,,2.1527855704681116,0.0284,0.505
Quantile LightGBM (24h matched),3407.0,6,validation,validation_crps,1.671,2.6867,7.2182,9.095,12.7936,0.4046,0.6361,0.5527,57.0524,102.4747,368.74,0.5954,0.793,-0.1488,0.2826,4244,0.9098,1.4058,0.0984,61.38,0.0,0.0,0.215,11.6646,2.4246,1.5179,2.015,1619,1.91,0.0,0.5,0.15924615928369462,0.507801480610267,0.8443482512801719,0.13299481621112155,93.19,36.08,9.6428,1.21621202470525,,
Quantile LightGBM (24h matched),3407.0,6,test,validation_crps,1.9825,3.2009,10.2456,10.6161,15.2423,0.4681,0.6842,0.6014,61.6251,97.5174,423.33,0.5319,0.7558,-0.2425,0.3138,8731,1.0093,1.5638,0.057,56.44,0.0,0.0,0.34,11.9836,2.8474,1.5683,2.12,3264,2.2294,0.0,0.5,0.12250423777345094,0.3888934950240632,0.8110810958698964,0.08009964494330546,90.04,38.9,12.0087,1.4522937084036915,,
Hurdle Quantile LightGBM (24h matched),3407.0,6,validation,validation_crps,1.6683,2.6586,7.0684,8.9718,12.6602,0.3962,0.6294,0.5452,56.2795,101.818,360.04,0.6038,0.7906,-0.081,0.2756,4244,0.9131,1.4028,0.117,64.63,0.0,0.0,0.1957,12.5198,2.3754,1.5231,2.039,1619,1.8841,0.0,0.5,0.12528038159006147,0.5465254801480635,0.8590770673629987,0.04437267024971803,93.71,36.78,9.6565,1.2028501060983587,,
Hurdle Quantile LightGBM (24h matched),3407.0,6,test,validation_crps,1.9778,3.1548,9.9527,10.4972,15.0228,0.4547,0.6743,0.5947,60.9347,96.9531,426.47,0.5453,0.7571,-0.151,0.3047,8731,1.0108,1.5612,0.0743,59.33,0.0,0.0,0.2407,12.9794,2.7933,1.5912,2.1605,3264,2.2044,0.0,0.5,0.11104473142579978,0.4227231551978049,0.825925968591514,0.021252920368163206,90.93,39.88,12.1149,1.4386142688232546,,
EMFN (Proposed),3407.0,9,validation,validation_crps,1.9409,3.0151,9.0906,9.7006,14.3575,0.5142,0.7171,0.5925,61.2352,105.9576,340.01,0.4858,0.6998,-0.2322,0.3104,4241,0.8865,1.3659,0.1997,72.8,0.0,0.0,0.193,13.0831,2.6044,1.615,2.3416,1624,2.0371,0.0,0.5,0.13377828906746733,0.494629772837367,0.8265390771795982,0.02686925298114678,89.34,34.27,11.4282,1.4096693781371321,,
EMFN (Proposed),3407.0,9,test,validation_crps,2.3817,3.6471,13.3014,11.5557,17.3672,0.6075,0.7794,0.6544,67.0751,101.0712,386.2,0.3925,0.6367,-0.5169,0.354,8728,0.9669,1.5073,0.1764,66.32,0.0,0.0,0.1846,14.2385,3.1626,1.7532,2.5787,3261,2.4267,0.0,0.5,0.1299266985280473,0.3210135977898059,0.7509684852619678,0.06470977321034939,88.63,36.81,14.2333,1.7174381052983905,,
CNN-LSTM (+Weather),3407.0,9,validation,validation_crps,1.9764,3.1645,10.0143,9.4112,15.0692,0.5664,0.7526,0.5748,59.4088,106.2446,247.4,0.4336,0.6831,-0.4086,0.3186,4241,0.8783,1.3814,0.1087,83.65,1.6741,5.2424,-0.2486,16.2422,2.5726,1.6322,2.5492,1624,1.9764,,,,,,,,,,1.9763552704715974,0.0835,0.5182
CNN-LSTM (+Weather),3407.0,9,test,validation_crps,2.4097,3.7862,14.3349,11.4747,18.0293,0.6547,0.8091,0.6498,66.6051,107.1495,287.51,0.3453,0.6313,-0.5814,0.3497,8728,0.9731,1.5371,0.0931,82.55,0.5958,3.7125,-0.2499,17.5464,3.1575,1.8622,2.8656,3261,2.4097,,,,,,,,,,2.409693817559585,0.0189,0.5023
LightGBM (24h matched),3407.0,9,validation,validation_crps,2.1672,3.0051,9.0303,10.3199,14.3098,0.5108,0.7147,0.6303,65.1449,105.754,442.93,0.4892,0.7006,0.0952,0.3071,4241,0.9689,1.4112,0.1539,66.7,0.0943,0.4258,-0.1349,15.0297,2.6852,1.7654,2.3522,1624,2.1672,,,,,,,,,,2.167180007411981,0.0021,0.5001
LightGBM (24h matched),3407.0,9,test,validation_crps,2.5385,3.5247,12.4235,12.0881,16.7842,0.5674,0.7532,0.6846,70.1657,102.4387,513.61,0.4326,0.6604,-0.0102,0.336,8728,1.035,1.5512,0.1348,60.12,0.1604,6.3518,-1.7257,16.2176,3.1757,1.8954,2.5351,3261,2.5385,,,,,,,,,,2.538508841858899,0.0014,0.4995
Quantile LightGBM (24h matched),3407.0,9,validation,validation_crps,1.9442,3.0027,9.0164,10.4496,14.2987,0.51,0.7141,0.6383,65.9635,107.1894,469.13,0.49,0.7198,-0.0933,0.3213,4241,0.8728,1.3326,0.1361,55.38,0.0,0.0,0.2927,11.1765,2.7663,1.7022,2.1807,1624,2.1944,0.0,0.5,0.16346672954491864,0.4779733465393081,0.8166688271540218,0.12708323508606462,93.0,40.88,11.1307,1.398579003553286,,
Quantile LightGBM (24h matched),3407.0,9,test,validation_crps,2.3013,3.5761,12.7888,12.3063,17.0292,0.5841,0.7642,0.6969,71.4319,103.4784,526.36,0.4159,0.6687,-0.1829,0.3554,8728,0.9404,1.4647,0.1248,49.63,0.0,0.0,0.5071,12.1899,3.2761,1.8288,2.3591,3261,2.5843,0.0,0.5,0.12675166131989,0.3447661626237566,0.7762050916519634,0.07408913840513288,90.46,43.95,13.7009,1.6738937528708249,,
Hurdle Quantile LightGBM (24h matched),3407.0,9,validation,validation_crps,1.9411,2.985,8.9102,10.3643,14.2143,0.504,0.7099,0.633,65.4251,106.8969,465.24,0.496,0.7186,-0.0526,0.3163,4241,0.8767,1.3267,0.156,57.66,0.0,0.0,0.3258,11.7051,2.7338,1.7126,2.2081,1624,2.1765,0.0,0.5,0.13862637258994817,0.48565715223079914,0.820844763264598,0.04733220355716821,93.33,41.62,11.058,1.3885242089023624,,
Hurdle Quantile LightGBM (24h matched),3407.0,9,test,validation_crps,2.2999,3.5552,12.6396,12.2571,16.9296,0.5772,0.7598,0.6941,71.1462,103.2394,528.72,0.4228,0.6675,-0.1168,0.3494,8728,0.9429,1.4599,0.1439,51.86,0.0,0.0,0.2805,12.6119,3.2467,1.8629,2.4074,3261,2.574,0.0,0.5,0.11840291754684433,0.37509496975788337,0.7850066438405894,0.0144570997707847,90.59,44.88,13.6874,1.6679238787885349,,
EMFN (Proposed),3407.0,12,validation,validation_crps,2.1629,3.2576,10.6116,11.1545,15.5122,0.605,0.7778,0.6845,70.7365,110.5823,478.04,0.395,0.6291,-0.0676,0.3403,4238,0.8855,1.3468,0.173,64.9,0.0,0.0,0.3795,14.5892,2.945,1.8779,2.5124,1631,2.3424,0.0,0.5,0.14220778114796218,0.44557808939544546,0.7977614610962731,0.039790637632933015,91.13,41.18,11.9751,1.5561129737718793,,
EMFN (Proposed),3407.0,12,test,validation_crps,2.5479,3.8349,14.7064,12.9703,18.2614,0.6715,0.8194,0.7344,75.2738,105.1006,547.26,0.3285,0.5752,-0.0979,0.3662,8725,0.9787,1.514,0.1392,61.83,0.0,0.0,0.342,14.261,3.4292,2.0604,2.8076,3258,2.7238,0.0,0.5,0.12475489755530893,0.335851037478262,0.7436461737443332,0.03958873266818529,91.32,46.07,14.1886,1.8255571843954026,,
CNN-LSTM (+Weather),3407.0,12,validation,validation_crps,2.2112,3.5426,12.5498,10.5296,16.8694,0.7154,0.8458,0.6461,66.7736,109.6583,253.25,0.2846,0.5866,-0.8729,0.3853,4238,0.8516,1.3596,0.1012,71.32,4.554,13.1923,-0.1821,13.639,2.9823,1.6811,2.6046,1631,2.2112,,,,,,,,,,2.2112129427501834,0.2045,0.55
CNN-LSTM (+Weather),3407.0,12,test,validation_crps,2.5967,4.1682,17.3737,12.3652,19.8484,0.7932,0.8906,0.7001,71.7619,110.1604,267.92,0.2068,0.5414,-1.3032,0.4304,8725,0.9513,1.529,0.0514,63.55,3.0029,17.7456,-0.1931,15.2687,3.5717,1.7168,2.6453,3258,2.5967,,,,,,,,,,2.5966906469555524,0.1386,0.5311
LightGBM (24h matched),3407.0,12,validation,validation_crps,2.3116,3.1772,10.0946,11.0076,15.1295,0.5755,0.7586,0.6755,69.8051,108.1695,485.05,0.4245,0.652,0.0577,0.3302,4238,0.9837,1.4158,0.1667,63.08,0.1888,0.5958,-0.1331,13.3603,2.8751,1.8391,2.4232,1631,2.3116,,,,,,,,,,2.311603139118167,0.0103,0.5021
LightGBM (24h matched),3407.0,12,test,validation_crps,2.7746,3.7912,14.3733,13.2125,18.0534,0.6563,0.8101,0.7481,76.6794,105.4339,593.71,0.3437,0.5868,0.0355,0.3636,8725,1.0646,1.5722,0.1386,56.5,0.0917,3.0894,-0.8022,15.0801,3.4594,2.0493,2.6983,3258,2.7746,,,,,,,,,,2.7746308555484784,0.0,0.4995
Quantile LightGBM (24h matched),3407.0,12,validation,validation_crps,2.1096,3.1998,10.2386,11.2818,15.237,0.5837,0.764,0.6923,71.544,109.6807,525.91,0.4163,0.6624,-0.0724,0.3468,4238,0.8813,1.3343,0.1553,51.35,0.0,0.0,0.5151,10.5109,2.9796,1.8066,2.2756,1631,2.3692,0.0,0.5,0.1681139452571968,0.43149195232965387,0.7847325842111498,0.12293770646531381,93.35,42.84,11.8098,1.5171541104947355,,
Quantile LightGBM (24h matched),3407.0,12,test,validation_crps,2.5135,3.8124,14.5347,13.3512,18.1545,0.6636,0.8146,0.7559,77.484,106.5448,607.16,0.3364,0.5979,-0.1278,0.381,8725,0.9564,1.4718,0.1305,45.54,0.0,0.0,0.6343,11.5635,3.5366,1.9768,2.4941,3258,2.8037,0.0,0.5,0.12965645845272203,0.306364424427011,0.7375684713097358,0.06863495702005733,90.02,46.27,14.662,1.8178031654842206,,
Hurdle Quantile LightGBM (24h matched),3407.0,12,validation,validation_crps,2.109,3.1958,10.2132,11.2326,15.2181,0.5822,0.763,0.6893,71.2318,109.5573,519.04,0.4178,0.6584,-0.0436,0.3437,4238,0.8854,1.3286,0.1696,53.33,0.0,0.0,0.3526,10.5675,2.9595,1.8231,2.3093,1631,2.3588,0.0,0.5,0.1436083436175323,0.46864172496262146,0.8007520647326922,0.04633854412915902,93.25,43.85,11.8816,1.5132982391458891,,
Hurdle Quantile LightGBM (24h matched),3407.0,12,test,validation_crps,2.5209,3.7992,14.4335,13.3224,18.0912,0.659,0.8118,0.7543,77.3171,106.4018,608.39,0.341,0.5985,-0.0878,0.3772,8725,0.9561,1.4647,0.1464,46.85,0.0,0.0,0.4566,11.9106,3.5191,2.0007,2.5273,3258,2.7977,0.0,0.5,0.12272008669480249,0.33963824729200476,0.7529933109628844,0.012763442901087756,90.09,47.32,14.6057,1.812986147510712,,
EMFN (Proposed),3407.0,24,validation,validation_crps,2.5532,3.7483,14.0497,13.3058,17.849,0.8142,0.9023,0.8257,85.0899,116.316,635.09,0.1858,0.4332,-0.0948,0.4149,4226,0.8237,1.2749,0.2459,47.03,0.0,0.0,1.022,10.3791,3.5165,2.1179,2.6489,1642,2.7942,0.0,0.5,0.15956072564844076,0.33969230771522363,0.7003352247389707,0.02911035154478505,92.33,47.68,13.9077,1.8401938416559667,,
EMFN (Proposed),3407.0,24,test,validation_crps,3.0998,4.394,19.307,15.8256,20.9237,0.8809,0.9385,0.8958,91.8571,113.0455,770.99,0.1191,0.3626,0.0108,0.4321,8713,0.9134,1.4175,0.1981,47.38,0.0,0.0,0.8448,10.4669,4.1515,2.49,3.1343,3253,3.3234,0.0,0.5,0.1357337376709708,0.23954222490648522,0.650149134917395,0.04845447271367952,91.59,52.94,15.6624,2.1785823124821966,,
CNN-LSTM (+Weather),3407.0,24,validation,validation_crps,2.696,4.1544,17.2592,12.8382,19.783,1.0002,1.0001,0.7967,82.0996,122.286,304.78,-0.0002,0.3785,-1.5732,0.5468,4226,0.8289,1.326,0.0247,37.12,0.0,0.0,0.0541,8.4468,3.7633,1.6888,2.4825,1642,2.696,,,,,,,,,,2.696028786275267,0.0,0.5
CNN-LSTM (+Weather),3407.0,24,test,validation_crps,3.098,4.7175,22.2545,14.7523,22.4641,1.0153,1.0076,0.835,85.6273,117.4476,428.51,-0.0153,0.3173,-1.4745,0.5293,8713,0.8977,1.4483,0.0451,44.72,0.0,0.0,0.0633,11.4381,4.2411,1.9296,2.7079,3253,3.098,,,,,,,,,,3.097973858952029,0.0,0.5
LightGBM (24h matched),3407.0,24,validation,validation_crps,2.8689,3.7094,13.7598,13.6613,17.6639,0.7974,0.893,0.8478,87.3631,115.0786,736.65,0.2026,0.4538,0.1029,0.409,4226,0.8853,1.3053,0.239,40.15,0.0,0.0,0.685,9.8978,3.5604,2.1752,2.6329,1642,2.8689,,,,,,,,,,2.8688757409781704,0.0,0.5
LightGBM (24h matched),3407.0,24,test,validation_crps,3.3772,4.3946,19.3125,16.0818,20.9267,0.8811,0.9387,0.9103,93.3446,113.4531,820.07,0.1189,0.3461,0.0135,0.4416,8713,0.9566,1.4564,0.1802,37.56,0.0,0.0,0.7628,11.2386,4.2181,2.3455,2.8534,3253,3.3772,,,,,,,,,,3.377186179986735,0.0,0.5
Quantile LightGBM (24h matched),3407.0,24,validation,validation_crps,2.5394,3.7084,13.7525,13.7977,17.6592,0.797,0.8927,0.8562,88.2351,115.4657,747.78,0.203,0.4761,0.062,0.4167,4226,0.8176,1.2525,0.3016,32.3,0.0,0.0,0.9597,7.9423,3.6064,2.1488,2.5393,1642,2.8975,0.0,0.5,0.1813493847610033,0.33663606700875137,0.6859734844407539,0.1278868906767629,93.85,53.22,13.3992,1.8169021727022756,,
Quantile LightGBM (24h matched),3407.0,24,test,validation_crps,3.0006,4.3667,19.0682,16.0353,20.7939,0.87,0.9327,0.9077,93.0742,113.6049,816.8,0.13,0.3697,-0.0567,0.4489,8713,0.8813,1.3969,0.2296,28.92,0.0,0.0,1.0017,8.5841,4.2234,2.304,2.7312,3253,3.3674,0.0,0.5,0.13975381613680707,0.20906965670741084,0.5953928887559568,0.07465855618042005,90.66,54.3,16.8024,2.1627912282492536,,
Hurdle Quantile LightGBM (24h matched),3407.0,24,validation,validation_crps,2.5101,3.7087,13.7543,13.804,17.6604,0.7971,0.8928,0.8566,88.2759,115.6377,742.36,0.2029,0.4739,0.0704,0.416,4226,0.827,1.2582,0.2877,32.76,0.0,0.0,0.6045,7.7394,3.606,2.1575,2.5457,1642,2.8988,0.0,0.5,0.16022064964862565,0.36401344690019966,0.7128909353487823,0.04586837696169385,94.06,53.56,13.3011,1.818217754138315,,
Hurdle Quantile LightGBM (24h matched),3407.0,24,test,validation_crps,3.017,4.3817,19.1997,16.1124,20.8654,0.876,0.9359,0.912,93.5223,113.8103,822.16,0.124,0.3582,-0.0318,0.4491,8713,0.8928,1.4051,0.2106,29.32,0.0,0.0,0.8231,8.4287,4.2375,2.334,2.7661,3253,3.3836,0.0,0.5,0.13294969865963027,0.24211572786934749,0.65168114325286,0.02132988590517071,90.76,55.08,16.4622,2.1757915529499954,,
