model,horizon_hours,n_fits,crps_mean,crps_sd,zero_brier_mean,zero_brier_sd,rmse_mean,rmse_sd,mae_mean,mae_sd,zero_auprc_mean,zero_auprc_sd,run_id,selection_basis
EMFN (Proposed),1,3,0.5802227242983542,0.0057585184267078,0.0693387874877791,0.0016599792775634,1.2878666666666667,0.0155004301015596,0.8003,0.0099378065990438,0.7516122357809055,0.0028109936581588,crps_multiseed_20261004T175005+0900,validation_crps
ARIMA,1,1,0.6688572807164103,,0.1016545897141459,,1.4261,,0.8369,,0.6212724971465038,,crps_multiseed_20261004T175005+0900,validation_crps
CNN-LSTM (+Weather),1,3,0.8564580983698705,0.0261916794694178,,,1.3740666666666668,0.0380965002767095,0.8564666666666666,0.0262118929750091,,,crps_multiseed_20261004T175005+0900,validation_crps
LightGBM (24h matched),1,3,0.8208848832926825,0.0,,,1.2867,0.0,0.8209,0.0,,,crps_multiseed_20261004T175005+0900,validation_crps
EMFN (Proposed),3,3,1.0563447334973362,0.036286214310204,0.096252999905744,0.0027159254034091,2.3237666666666663,0.065180083870254,1.4748,0.0422259398948087,0.5601399551917225,0.0113719445029302,crps_multiseed_20261004T175005+0900,validation_crps
ARIMA,3,1,1.3362049258021544,,0.1276076845249944,,2.8134,,1.7853,,0.4755149720036534,,crps_multiseed_20261004T175005+0900,validation_crps
CNN-LSTM (+Weather),3,3,1.5183710316759436,0.0319652982057174,,,2.4260333333333333,0.0663109593757573,1.5183666666666664,0.0319877059717218,,,crps_multiseed_20261004T175005+0900,validation_crps
LightGBM (24h matched),3,3,1.587342731567178,0.0,,,2.3372,0.0,1.5873,0.0,,,crps_multiseed_20261004T175005+0900,validation_crps
EMFN (Proposed),6,3,1.452853709202855,0.0329342540132528,0.1144480827454685,0.0006113322122844,3.1677666666666666,0.0647043532796158,2.0238666666666667,0.0377801976349162,0.4343045082534491,0.0042981029386472,crps_multiseed_20261004T175005+0900,validation_crps
ARIMA,6,1,1.7709846411926022,,0.1218433948999256,,3.5683,,2.4608,,0.4101693850317267,,crps_multiseed_20261004T175005+0900,validation_crps
CNN-LSTM (+Weather),6,3,2.109037305934262,0.0479746571227528,,,3.3873,0.0708331137251497,2.109033333333333,0.0479992013822451,,,crps_multiseed_20261004T175005+0900,validation_crps
LightGBM (24h matched),6,3,2.152785570468112,0.0,,,3.0982,0.0,2.1528,0.0,,,crps_multiseed_20261004T175005+0900,validation_crps
EMFN (Proposed),9,3,1.6731639128442222,0.0404104182091831,0.1279274269573804,0.0024535174070247,3.5665666666666667,0.0758436110251438,2.3318,0.0466048280760694,0.3468584906414872,0.0232749694521499,crps_multiseed_20261004T175005+0900,validation_crps
ARIMA,9,1,1.943294857377252,,0.1254964909878388,,3.8429,,2.7572,,0.3454650961659865,,crps_multiseed_20261004T175005+0900,validation_crps
CNN-LSTM (+Weather),9,3,2.374302507062169,0.0534499322260369,,,3.765233333333333,0.133292547928732,2.3743000000000003,0.0534631648894824,,,crps_multiseed_20261004T175005+0900,validation_crps
LightGBM (24h matched),9,3,2.538508841858899,0.0,,,3.5247000000000006,5.438959822042073e-16,2.5385,0.0,,,crps_multiseed_20261004T175005+0900,validation_crps
EMFN (Proposed),12,3,1.8206295332281024,0.0048100233831594,0.124808430223115,0.0009347305999827,3.8347,0.0006244997998398,2.5392333333333337,0.0212683646135129,0.3390514771459875,0.0027769217686478,crps_multiseed_20261004T175005+0900,validation_crps
ARIMA,12,1,2.0744881770565216,,0.1292683794858065,,4.0534,,2.9864,,0.3166539914286043,,crps_multiseed_20261004T175005+0900,validation_crps
CNN-LSTM (+Weather),12,3,2.580942137894043,0.060845937513643,,,4.137033333333332,0.096021577436185,2.580966666666667,0.060845240843745,,,crps_multiseed_20261004T175005+0900,validation_crps
LightGBM (24h matched),12,3,2.7746308555484784,0.0,,,3.7912,0.0,2.7746,0.0,,,crps_multiseed_20261004T175005+0900,validation_crps
EMFN (Proposed),24,3,2.2018521011078054,0.0275932414730026,0.1353077293268028,0.0007785794606173,4.443700000000001,0.0490149977047841,3.11,0.0564948670234739,0.2363369627946906,0.0040242491865207,crps_multiseed_20261004T175005+0900,validation_crps
ARIMA,24,1,2.386520358135813,,0.1356455165782475,,4.5334,,3.4982,,0.2284356886838348,,crps_multiseed_20261004T175005+0900,validation_crps
CNN-LSTM (+Weather),24,3,3.098358946499088,0.0487114424089928,,,4.677166666666667,0.0401020365235152,3.0983666666666667,0.0487510341770648,,,crps_multiseed_20261004T175005+0900,validation_crps
LightGBM (24h matched),24,3,3.377186179986735,0.0,,,4.3946,0.0,3.3772,0.0,,,crps_multiseed_20261004T175005+0900,validation_crps
