model,horizon,count,crps,zero_brier,rmse,mae,zero_auprc,selection_basis
EMFN (Proposed),+1h,8736,0.5774776622821023,0.07162284821232884,1.2758,0.7993,0.758930518037057,parent_run_legacy_selection
CNN-LSTM (+Weather),+1h,8736,0.8506864870311457,,1.368,0.8507,,parent_run_legacy_selection
ARIMA,+1h,8736,0.6688572807164103,0.1016545897141459,1.4261,0.8369,0.6212724971465038,validation_crps
LightGBM (24h matched),+1h,8736,0.8208848832926825,,1.2867,0.8209,,validation_crps
Quantile LightGBM (24h matched),+1h,8736,0.5960258198523055,0.1179357134844386,1.395,0.8051,0.5986474754427169,validation_crps
Hurdle Quantile LightGBM (24h matched),+1h,8736,0.5813396545867211,0.06425022872710139,1.3489,0.7921,0.7585242808473731,validation_crps
EMFN (Proposed),+3h,8734,1.0772540239384887,0.09474266978225025,2.3828,1.5099,0.55959253729094,parent_run_legacy_selection
CNN-LSTM (+Weather),+3h,8734,1.463995938880523,,2.3401,1.464,,parent_run_legacy_selection
ARIMA,+3h,8734,1.3362049258021544,0.1276076845249944,2.8134,1.7853,0.47551497200365345,validation_crps
LightGBM (24h matched),+3h,8734,1.587342731567178,,2.3372,1.5873,,validation_crps
Quantile LightGBM (24h matched),+3h,8734,1.1103651597880173,0.12044567208610031,2.5131,1.4976,0.46322897463916235,validation_crps
Hurdle Quantile LightGBM (24h matched),+3h,8734,1.0878315573929704,0.0931750569898026,2.4442,1.4859,0.5553595655198198,validation_crps
EMFN (Proposed),+6h,8731,1.4868526899213992,0.11392664349922225,3.2329,2.0577,0.4387982980424431,parent_run_legacy_selection
CNN-LSTM (+Weather),+6h,8731,2.015822370539709,,3.1932,2.0158,,parent_run_legacy_selection
ARIMA,+6h,8731,1.7709846411926022,0.1218433948999256,3.5683,2.4608,0.4101693850317267,validation_crps
LightGBM (24h matched),+6h,8731,2.1527855704681116,,3.0982,2.1528,,validation_crps
Quantile LightGBM (24h matched),+6h,8731,1.4522937084036915,0.12250423777345094,3.2009,1.9825,0.3888934950240632,validation_crps
Hurdle Quantile LightGBM (24h matched),+6h,8731,1.4386142688232546,0.11104473142579978,3.1548,1.9778,0.4227231551978049,validation_crps
EMFN (Proposed),+9h,8728,1.6569661825076871,0.12447823938332173,3.5417,2.3245,0.35643603649475886,parent_run_legacy_selection
CNN-LSTM (+Weather),+9h,8728,2.3130516337245326,,3.6234,2.3131,,parent_run_legacy_selection
ARIMA,+9h,8728,1.943294857377252,0.1254964909878388,3.8429,2.7572,0.3454650961659865,validation_crps
LightGBM (24h matched),+9h,8728,2.538508841858899,,3.5247,2.5385,,validation_crps
Quantile LightGBM (24h matched),+9h,8728,1.6738937528708249,0.12675166131989,3.5761,2.3013,0.3447661626237566,validation_crps
Hurdle Quantile LightGBM (24h matched),+9h,8728,1.6679238787885349,0.11840291754684433,3.5552,2.2999,0.37509496975788337,validation_crps
EMFN (Proposed),+12h,8725,1.820384958041736,0.12390161579750152,3.8352,2.5548,0.3404809484447276,parent_run_legacy_selection
CNN-LSTM (+Weather),+12h,8725,2.500683572925872,,3.995,2.5007,,parent_run_legacy_selection
ARIMA,+12h,8725,2.0744881770565216,0.1292683794858065,4.0534,2.9864,0.31665399142860434,validation_crps
LightGBM (24h matched),+12h,8725,2.7746308555484784,,3.7912,2.7746,,validation_crps
Quantile LightGBM (24h matched),+12h,8725,1.8178031654842206,0.12965645845272203,3.8124,2.5135,0.306364424427011,validation_crps
Hurdle Quantile LightGBM (24h matched),+12h,8725,1.812986147510712,0.12272008669480249,3.7992,2.5209,0.33963824729200476,validation_crps
EMFN (Proposed),+24h,8713,2.2323357457171777,0.13578034365279829,4.492,3.1709,0.2376479725215999,parent_run_legacy_selection
CNN-LSTM (+Weather),+24h,8713,3.1187147872251058,,4.7044,3.1187,,parent_run_legacy_selection
ARIMA,+24h,8713,2.386520358135813,0.13564551657824758,4.5334,3.4982,0.22843568868383482,validation_crps
LightGBM (24h matched),+24h,8713,3.377186179986735,,4.3946,3.3772,,validation_crps
Quantile LightGBM (24h matched),+24h,8713,2.1627912282492536,0.13975381613680707,4.3667,3.0006,0.20906965670741084,validation_crps
Hurdle Quantile LightGBM (24h matched),+24h,8713,2.1757915529499954,0.13294969865963027,4.3817,3.017,0.24211572786934749,validation_crps
