count,neg_count,neg_rate_pct,cap_count,cap_rate_pct,total_viol_rate_pct,min_mwh,max_mwh,model,horizon
8760,243,2.7739726027397262,0,0.0,2.7739726027397262,-0.8101450027457933,16.602022041721078,LightGBM (+Weather),+1h
8760,48,0.547945205479452,0,0.0,0.547945205479452,-0.13034592187553642,15.793717696825242,LightGBM (+Weather),+3h
8736,589,6.742216117216117,0,0.0,6.742216117216117,-0.49070829153060913,20.040245056152344,TCN (+Weather),+1h
8734,755,8.644378291733455,0,0.0,8.644378291733455,-0.6123544573783875,18.908571243286133,TCN (+Weather),+3h
8736,299,3.422619047619048,0,0.0,3.422619047619048,-0.1641566902399063,17.596466064453125,LSTM (+Weather),+1h
8734,731,8.369590107625372,0,0.0,8.369590107625372,-0.3757093846797943,19.089494705200195,LSTM (+Weather),+3h
8736,1284,14.697802197802199,0,0.0,14.697802197802199,-3.0427305698394775,20.33306884765625,DLinear (+Weather),+1h
8734,1277,14.621021296084269,0,0.0,14.621021296084269,-3.119401216506958,19.436767578125,DLinear (+Weather),+3h
8736,0,0.0,0,0.0,0.0,0.0,20.08,EMFN (Proposed),+1h
8736,0,0.0,0,0.0,0.0,0.0,20.08,EMFN (Proposed),+3h
8736,0,0.0,0,0.0,0.0,0.0,20.08,EMFN (Proposed),+1h
8736,0,0.0,0,0.0,0.0,0.0,20.08,EMFN (Proposed),+3h
