model,horizon_hours,count,raw_std,clipped_std,clipped_zero_pct,constant_prediction
EMFN (Proposed),1,8736,4.432130813598633,4.432130813598633,0.0,False
DLinear (+Weather),1,8736,4.489424705505371,4.448974132537842,13.839285714285715,False
LSTM (+Weather),1,8736,4.4301557540893555,4.429001331329346,4.166666666666666,False
GRU (+Weather),1,8736,4.617068290710449,4.617068290710449,24.015567765567766,False
CNN-LSTM (+Weather),1,8736,4.518706321716309,4.514371395111084,11.492673992673993,False
TCN (+Weather),1,8736,4.479784965515137,4.477421283721924,3.6401098901098905,False
Transformer (+Weather),1,8736,4.529387474060059,4.522841453552246,10.176282051282051,False
LightGBM (+Weather),1,8736,4.337114783841053,4.336354127121129,2.1405677655677655,False
Naive Persistence,1,8736,4.6775308116937,4.6775308116937,16.323260073260073,False
24h Diurnal Persistence,1,8736,4.661717060634255,4.661717060634255,16.323260073260073,False
EMFN (Proposed),3,8734,3.7645108699798584,3.7645108699798584,0.0,False
DLinear (+Weather),3,8734,3.8975558280944824,3.852328300476074,9.85802610487749,False
LSTM (+Weather),3,8734,3.974243640899658,3.970465660095215,4.991985344630181,False
GRU (+Weather),3,8734,0.0,0.0,100.0,True
CNN-LSTM (+Weather),3,8734,4.233779430389404,4.233670234680176,0.18319212273872224,False
TCN (+Weather),3,8734,3.87341570854187,3.8665053844451904,7.579574078314632,False
Transformer (+Weather),3,8734,3.815011978149414,3.815005302429199,0.03434852301351042,False
LightGBM (+Weather),3,8734,3.665743947149181,3.665107997408363,0.7327684909548889,False
Naive Persistence,3,8734,4.67537659314216,4.67537659314216,16.32699793908862,False
24h Diurnal Persistence,3,8734,4.662215213445502,4.662215213445502,16.32699793908862,False
EMFN (Proposed),6,8731,3.2243785858154297,3.2243785858154297,0.0,False
DLinear (+Weather),6,8731,3.669926881790161,3.599182367324829,12.976749513228725,False
LSTM (+Weather),6,8731,3.3135013580322266,3.3135013580322266,0.0,False
GRU (+Weather),6,8731,0.0,0.0,100.0,True
CNN-LSTM (+Weather),6,8731,3.5034234523773193,3.5034234523773193,0.0,False
TCN (+Weather),6,8731,3.5810797214508057,3.5794355869293213,1.6836559386095522,False
Transformer (+Weather),6,8731,3.4139938354492188,3.4139938354492188,0.0,False
LightGBM (+Weather),6,8731,3.0885963823265867,3.088427208347063,0.1718016263887298,False
Naive Persistence,6,8731,4.671135393918879,4.671135393918879,16.332607948688583,False
24h Diurnal Persistence,6,8731,4.662996459764412,4.662996459764412,16.332607948688583,False
EMFN (Proposed),9,8728,2.9306788444519043,2.9306788444519043,0.0,False
DLinear (+Weather),9,8728,2.9366981983184814,2.876248836517334,9.016956920256645,False
LSTM (+Weather),9,8728,3.2218031883239746,3.2082741260528564,7.4587534372135655,False
GRU (+Weather),9,8728,3.156946897506714,3.156946897506714,15.066452795600366,False
CNN-LSTM (+Weather),9,8728,3.52748966217041,3.52748966217041,0.0,False
TCN (+Weather),9,8728,3.600933313369751,3.599108934402466,1.7186067827681026,False
Transformer (+Weather),9,8728,3.222202777862549,3.2219297885894775,0.06874427131072411,False
LightGBM (+Weather),9,8728,2.6923870931759413,2.6923870931759413,0.0,False
Naive Persistence,9,8728,4.6680964795629905,4.6680964795629905,16.338221814848765,False
24h Diurnal Persistence,9,8728,4.663727143857798,4.663727143857798,16.338221814848765,False
EMFN (Proposed),12,8725,2.55657696723938,2.55657696723938,0.0,False
DLinear (+Weather),12,8725,2.9483554363250732,2.880718231201172,11.025787965616047,False
LSTM (+Weather),12,8725,2.8249688148498535,2.8249688148498535,0.0,False
GRU (+Weather),12,8725,0.0,0.0,100.0,True
CNN-LSTM (+Weather),12,8725,3.0847413539886475,3.0847413539886475,0.0,False
TCN (+Weather),12,8725,3.0730159282684326,3.072967052459717,0.09169054441260746,False
Transformer (+Weather),12,8725,3.2367446422576904,3.2367446422576904,0.0,False
LightGBM (+Weather),12,8725,2.403258246810726,2.403258246810726,0.0,False
Naive Persistence,12,8725,4.66702635980103,4.66702635980103,16.34383954154728,False
24h Diurnal Persistence,12,8725,4.664419075735083,4.664419075735083,16.34383954154728,False
EMFN (Proposed),24,8713,1.6051609516143799,1.6051609516143799,0.0,False
DLinear (+Weather),24,8713,1.9201937913894653,1.8934351205825806,4.418684723975669,False
LSTM (+Weather),24,8713,2.942317247390747,2.942274808883667,0.137725238149891,False
GRU (+Weather),24,8713,0.0,0.0,100.0,True
CNN-LSTM (+Weather),24,8713,2.349205493927002,2.3489511013031006,0.43612992080798807,False
TCN (+Weather),24,8713,1.9120495319366455,1.904017686843872,4.464593136692299,False
Transformer (+Weather),24,8713,2.4343464374542236,2.4343464374542236,0.0,False
LightGBM (+Weather),24,8713,1.686687260562346,1.686687260562346,0.0,False
Naive Persistence,24,8713,4.6668020390878855,4.6668020390878855,16.36634913347871,False
24h Diurnal Persistence,24,8713,4.6668020390878855,4.6668020390878855,16.36634913347871,False
