mae,rmse,mse,nmae_pct,nrmse_pct,rse,rrse,rae,wape_pct,smape_pct,mape_nonzero_pct,r2,corr,mbe,tic,count,mae_ramp,rmse_ramp,corr_ramp,vpr_pct,bound_violation_pct,integrated_negative_mwh,min_pred_mwh,max_pred_mwh,imbalance_loss_mwh,mae_cut_in,rmse_cut_in,cut_in_count,mae_mean,zero_point_f1_mean,zero_point_balanced_acc_mean,zero_brier,zero_auprc,zero_auroc,zero_ece,picp_90_pct,pinaw_90_pct,winkler_score_90,crps,model,horizon_hours,horizon,run_id,seed,selection_basis,distribution,zero_f1,zero_balanced_acc
0.7993,1.2758,1.6277,3.8183,6.0754,0.0744,0.2727,0.2164,22.1749,70.982,82.88,0.9256,0.9625,-0.1195,0.1104,8736,0.9639,1.5733,0.3673,94.74,0.0,0.0,0.0053,17.7767,1.0322,0.6666,1.0077,3269,0.8018,0.0,0.5,0.07162284821232884,0.758930518037057,0.9477831094602296,0.043165175817395755,91.12,16.37,4.5467,0.5774776622821023,EMFN (Proposed),1,+1h,probabilistic_extension_20261004T121114+0900,42,parent_run_legacy_selection,hurdle_beta,,
0.8364,1.2996,1.6889,3.9828,6.1884,0.0772,0.2778,0.2257,23.1304,61.8743,110.33,0.9228,0.9607,0.014,0.1115,8736,1.1363,1.7428,0.2918,95.1,13.8393,406.1096,-1.5576,19.6815,1.042,0.6949,1.0181,3269,0.8364,,,,,,,,,,0.8363974178833816,DLinear (+Weather),1,+1h,probabilistic_extension_20261004T121114+0900,42,parent_run_legacy_selection,dirac,0.5556,0.724
0.7866,1.2636,1.5967,3.7455,6.0172,0.073,0.2701,0.2122,21.7521,65.1482,81.31,0.927,0.9634,-0.1424,0.1095,8736,1.0097,1.644,0.3258,94.68,4.1667,12.7502,-0.1823,18.3879,1.0188,0.6427,0.9728,3269,0.7866,,,,,,,,,,0.786556438950183,LSTM (+Weather),1,+1h,probabilistic_extension_20261004T121114+0900,42,parent_run_legacy_selection,dirac,0.3162,0.5937
0.8153,1.3062,1.7062,3.8822,6.22,0.078,0.2792,0.22,22.5459,60.5199,74.91,0.922,0.9607,-0.0776,0.1114,8736,1.081,1.7551,0.2957,98.7,0.0,0.0,0.0,18.1203,1.0385,0.6937,1.0458,3269,0.8153,,,,,,,,,,0.8152592840953777,GRU (+Weather),1,+1h,probabilistic_extension_20261004T121114+0900,42,parent_run_legacy_selection,dirac,0.6345,0.825
0.8507,1.368,1.8715,4.0509,6.5145,0.0855,0.2925,0.2295,23.5256,66.4729,70.56,0.9145,0.9578,-0.2493,0.1185,8736,0.9917,1.6402,0.3063,96.5,11.4927,50.3231,-0.1368,16.5116,1.1257,0.725,1.0976,3269,0.8507,,,,,,,,,,0.8506864870311457,CNN-LSTM (+Weather),1,+1h,probabilistic_extension_20261004T121114+0900,42,parent_run_legacy_selection,dirac,0.5539,0.7133
0.8279,1.3076,1.7098,3.9425,6.2266,0.0781,0.2795,0.2234,22.8961,68.1674,87.72,0.9219,0.9605,-0.121,0.1128,8736,1.0026,1.609,0.3297,95.71,3.6401,25.958,-0.3555,19.7743,1.0652,0.6802,1.0256,3269,0.8279,,,,,,,,,,0.8279247012391147,TCN (+Weather),1,+1h,probabilistic_extension_20261004T121114+0900,42,parent_run_legacy_selection,dirac,0.2454,0.5679
0.8499,1.3601,1.85,4.0472,6.4769,0.0845,0.2908,0.2293,23.5043,68.1486,68.48,0.9155,0.9586,-0.2746,0.1179,8736,0.9529,1.5819,0.3273,96.68,10.1763,76.0812,-0.3009,17.0216,1.131,0.7271,1.1165,3269,0.8499,,,,,,,,,,0.8499174429881611,Transformer (+Weather),1,+1h,probabilistic_extension_20261004T121114+0900,42,parent_run_legacy_selection,dirac,0.4657,0.6651
0.7388,1.1743,1.3791,3.518,5.5921,0.063,0.251,0.1993,20.431,63.7743,88.29,0.937,0.969,-0.0757,0.102,8736,0.9181,1.4788,0.4302,92.7,2.1406,8.0386,-0.3823,18.2582,0.9424,0.5771,0.8788,3269,0.7388,,,,,,,,,,0.7387842139976459,LightGBM (+Weather),1,+1h,probabilistic_extension_20261004T121114+0900,42,parent_run_legacy_selection,dirac,0.1897,0.5513
0.8602,1.4337,2.0555,4.0963,6.8272,0.0939,0.3065,0.2321,23.7893,52.3191,80.12,0.9061,0.953,-0.001,0.1213,8736,1.1175,1.7759,0.2329,99.99,0.0,0.0,0.0,20.1092,1.0755,0.6969,1.1114,3269,0.8602,,,,,,,,,,0.8602211717032966,Naive Persistence,1,+1h,probabilistic_extension_20261004T121114+0900,42,parent_run_legacy_selection,dirac,0.7244,0.8353
3.5634,5.4338,29.526,16.9686,25.8752,1.3494,1.1616,0.9615,98.5455,119.0983,646.1,-0.3494,0.323,-0.0222,0.4606,8736,1.1502,1.7483,0.256,99.65,0.0,0.0,0.0,20.1092,4.4598,2.8912,4.532,3269,3.5634,,,,,,,,,,3.563409895718864,24h Diurnal Persistence,1,+1h,probabilistic_extension_20261004T121114+0900,42,parent_run_legacy_selection,dirac,0.256,0.5554
0.8369,1.4261,2.0336,4.7563,6.7907,0.0929,0.3049,0.2695,27.6225,76.788,197.23,0.9071,0.9543,0.2748,0.1202,8736,1.1249,1.829,0.2381,96.34,10.1877,20.4523,-0.5044,20.447,1.1798,0.8073,1.1016,3269,0.9988,0.0,0.5,0.1016545897141459,0.6212724971465038,0.9357592914852755,0.0983088435914137,92.72,19.63,5.8307,0.6688572807164103,ARIMA,1,+1h,probabilistic_extension_20261004T121114+0900,42,validation_crps,censored_normal,,
0.8209,1.2867,1.6556,3.909,6.1271,0.0757,0.2751,0.2215,22.7014,68.609,98.12,0.9243,0.9623,-0.0632,0.1119,8736,1.0187,1.6189,0.3116,92.25,0.8242,2.7686,-0.2344,17.8689,1.0419,0.6532,0.9873,3269,0.8209,,,,,,,,,,0.8208848832926825,LightGBM (24h matched),1,+1h,probabilistic_extension_20261004T121114+0900,42,validation_crps,dirac,0.0654,0.5156
0.8051,1.395,1.9462,4.3352,6.6431,0.0889,0.2982,0.2457,25.1768,71.8083,121.59,0.9111,0.9591,-0.1027,0.1236,8736,0.9967,1.5862,0.2848,86.82,0.0,0.0,0.0673,15.3456,1.1637,0.6891,1.0064,3269,0.9104,0.0,0.5,0.1179357134844386,0.5986474754427169,0.925919459404493,0.11626138348214292,92.0,20.61,5.3698,0.5960258198523055,Quantile LightGBM (24h matched),1,+1h,probabilistic_extension_20261004T121114+0900,42,validation_crps,quantile,,
0.7921,1.3489,1.8195,4.1421,6.4233,0.0832,0.2884,0.2347,24.0551,70.9941,113.39,0.9168,0.9605,-0.0747,0.1187,8736,1.002,1.588,0.2951,88.69,0.0,0.0,0.0187,15.9798,1.106,0.6768,0.994,3269,0.8698,0.0,0.5,0.06425022872710139,0.7585242808473731,0.9539911512404955,0.01777251739532787,92.81,18.74,5.0209,0.5813396545867211,Hurdle Quantile LightGBM (24h matched),1,+1h,probabilistic_extension_20261004T121114+0900,42,validation_crps,hurdle_quantile,,
1.5099,2.3828,5.6779,7.5317,11.3469,0.2594,0.5094,0.4267,43.7334,86.8531,231.88,0.7406,0.8631,-0.1452,0.216,8734,1.0723,1.6937,0.1436,80.47,0.0,0.0,0.0577,16.3994,2.0134,1.2547,1.8743,3267,1.5816,0.0,0.5,0.09474266978225025,0.55959253729094,0.8857918391034898,0.02368117435292547,92.01,29.62,8.1771,1.0772540239384887,EMFN (Proposed),3,+3h,probabilistic_extension_20261004T121114+0900,42,parent_run_legacy_selection,hurdle_beta,,
1.5992,2.414,5.8275,7.615,11.4954,0.2663,0.516,0.4314,44.2173,84.1898,243.8,0.7337,0.8576,-0.11,0.217,8734,1.2006,1.8072,0.0255,82.34,9.858,392.6667,-2.7105,18.1406,2.0264,1.2381,1.8423,3267,1.5992,,,,,,,,,,1.5991502693930637,DLinear (+Weather),3,+3h,probabilistic_extension_20261004T121114+0900,42,parent_run_legacy_selection,dirac,0.3673,0.6171
1.4678,2.3434,5.4915,6.9894,11.1591,0.2509,0.5009,0.396,40.5848,83.4973,151.5,0.7491,0.8724,-0.5005,0.2138,8734,1.0206,1.6435,0.1427,84.87,4.992,41.2033,-0.2838,17.1082,1.9599,1.1666,1.8115,3267,1.4678,,,,,,,,,,1.467778603214466,LSTM (+Weather),3,+3h,probabilistic_extension_20261004T121114+0900,42,parent_run_legacy_selection,dirac,0.275,0.5774
3.6166,5.9131,34.9647,17.2218,28.1576,1.5976,1.264,0.9757,100.0,167.3455,100.0,-0.5976,0.0,-3.6166,1.0,8734,0.8604,1.4339,,0.0,0.0,0.0,0.0,0.0,5.4249,1.978,3.0699,3267,3.6166,,,,,,,,,,3.6165714000457982,GRU (+Weather),3,+3h,probabilistic_extension_20261004T121114+0900,42,parent_run_legacy_selection,dirac,0.2807,0.5
1.464,2.3401,5.4762,6.9714,11.1435,0.2502,0.5002,0.395,40.4802,85.8487,162.44,0.7498,0.8681,-0.2345,0.2065,8734,1.0117,1.6444,0.1468,90.49,0.1832,1.172,-0.1941,16.164,1.8886,1.2032,1.9092,3267,1.464,,,,,,,,,,1.463995938880523,CNN-LSTM (+Weather),3,+3h,probabilistic_extension_20261004T121114+0900,42,parent_run_legacy_selection,dirac,0.0069,0.501
1.4837,2.3769,5.6496,7.0653,11.3185,0.2581,0.5081,0.4003,41.0253,83.8851,146.6,0.7419,0.8707,-0.5598,0.2192,8734,1.0955,1.739,0.1036,82.65,7.5796,74.3817,-0.4166,18.9526,1.9946,1.1348,1.7664,3267,1.4837,,,,,,,,,,1.4837074630067193,TCN (+Weather),3,+3h,probabilistic_extension_20261004T121114+0900,42,parent_run_legacy_selection,dirac,0.3391,0.6031
1.5923,2.5747,6.6293,7.5825,12.2607,0.3029,0.5504,0.4296,44.0287,89.3028,156.13,0.6971,0.8457,-0.6144,0.2391,8734,1.0367,1.6715,0.1438,81.54,0.0343,0.0713,-0.0549,15.9194,2.144,1.1669,1.8416,3267,1.5923,,,,,,,,,,1.5923310215909712,Transformer (+Weather),3,+3h,probabilistic_extension_20261004T121114+0900,42,parent_run_legacy_selection,dirac,0.0,0.4998
1.4872,2.2306,4.9754,7.082,10.6217,0.2273,0.4768,0.4013,41.1225,84.2062,235.99,0.7727,0.8854,-0.1355,0.2034,8734,1.032,1.6029,0.2418,78.34,0.7328,5.7236,-0.3531,16.8669,1.8929,1.1376,1.6787,3267,1.4872,,,,,,,,,,1.487225286041228,LightGBM (+Weather),3,+3h,probabilistic_extension_20261004T121114+0900,42,parent_run_legacy_selection,dirac,0.0403,0.5082
1.7905,2.8251,7.9814,8.5263,13.453,0.3647,0.6039,0.4831,49.5088,83.9547,196.37,0.6353,0.8175,-0.0039,0.239,8734,1.3459,2.1343,-0.1083,99.93,0.0,0.0,0.0,20.1092,2.2391,1.4527,2.2705,3267,1.7905,,,,,,,,,,1.7905207775360659,Naive Persistence,3,+3h,probabilistic_extension_20261004T121114+0900,42,parent_run_legacy_selection,dirac,0.5645,0.7398
3.5636,5.4342,29.531,16.9695,25.8773,1.3494,1.1616,0.9615,98.5352,119.0996,646.2,-0.3494,0.323,-0.0229,0.4606,8734,1.1503,1.7484,0.2559,99.65,0.0,0.0,0.0,20.1092,4.4602,2.8913,4.5329,3267,3.5636,,,,,,,,,,3.5635966886878867,24h Diurnal Persistence,3,+3h,probabilistic_extension_20261004T121114+0900,42,parent_run_legacy_selection,dirac,0.256,0.5554
1.7853,2.8134,7.9155,9.6998,13.3974,0.3617,0.6014,0.5496,56.323,95.8144,424.92,0.6383,0.8156,0.6122,0.2359,8734,1.3057,2.1345,-0.105,91.42,10.0641,16.6978,-0.418,20.4007,2.3931,1.6364,2.2572,3267,2.037,0.0,0.5,0.1276076845249944,0.47551497200365345,0.8667125730529512,0.11690309456360691,91.7,34.35,10.9192,1.3362049258021544,ARIMA,3,+3h,probabilistic_extension_20261004T121114+0900,42,validation_crps,censored_normal,,
1.5873,2.3372,5.4626,7.5588,11.1296,0.2496,0.4996,0.4283,43.8908,86.5928,258.46,0.7504,0.8717,-0.0694,0.2127,8734,1.1107,1.7108,0.0712,77.59,1.4541,20.4558,-0.8796,16.1765,2.0015,1.2312,1.7768,3267,1.5873,,,,,,,,,,1.587342731567178,LightGBM (24h matched),3,+3h,probabilistic_extension_20261004T121114+0900,42,validation_crps,dirac,0.0747,0.5156
1.4976,2.5131,6.3155,8.1538,11.967,0.2886,0.5372,0.462,47.3456,89.0232,286.48,0.7114,0.859,-0.1729,0.2356,8734,1.0697,1.681,-0.008,70.07,0.0,0.0,0.215,13.1884,2.1836,1.2563,1.7837,3267,1.7123,0.0,0.5,0.12044567208610031,0.46322897463916235,0.8598513243378311,0.09409777879551177,90.97,32.97,9.3426,1.1103651597880173,Quantile LightGBM (24h matched),3,+3h,probabilistic_extension_20261004T121114+0900,42,validation_crps,quantile,,
1.4859,2.4442,5.9739,7.9157,11.6388,0.273,0.5225,0.4485,45.9633,88.3427,280.77,0.727,0.8627,-0.1021,0.2258,8734,1.0717,1.6751,0.0146,73.32,0.0,0.0,0.0909,14.3747,2.1034,1.2567,1.788,3267,1.6623,0.0,0.5,0.0931750569898026,0.5553595655198198,0.8898253446241549,0.015763891183810174,91.52,32.34,9.2551,1.0878315573929704,Hurdle Quantile LightGBM (24h matched),3,+3h,probabilistic_extension_20261004T121114+0900,42,validation_crps,hurdle_quantile,,
2.0577,3.2329,10.4514,10.0235,15.3946,0.4775,0.691,0.5678,58.1848,95.1113,312.54,0.5225,0.7298,-0.429,0.3094,8731,0.9987,1.5683,0.152,68.91,0.0,0.0,0.1751,13.881,2.7384,1.5415,2.3122,3264,2.1049,0.0,0.5,0.11392664349922225,0.4387982980424431,0.8169925304288308,0.04284376897580872,88.75,33.84,11.9417,1.4868526899213992,EMFN (Proposed),6,+6h,probabilistic_extension_20261004T121114+0900,42,parent_run_legacy_selection,hurdle_beta,,
2.0398,3.1903,10.1779,9.7131,15.1918,0.465,0.6819,0.5502,56.3832,92.8293,309.44,0.535,0.7349,-0.2924,0.295,8731,1.1448,1.7022,0.0611,76.92,12.9767,599.8705,-3.5741,16.9217,2.6228,1.5117,2.3105,3264,2.0398,,,,,,,,,,2.0397524435323637,DLinear (+Weather),6,+6h,probabilistic_extension_20261004T121114+0900,42,parent_run_legacy_selection,dirac,0.365,0.6182
2.0479,3.2552,10.5961,9.752,15.5008,0.4841,0.6958,0.5524,56.609,95.8233,249.69,0.5159,0.7352,-0.7236,0.3156,8731,0.9825,1.57,0.0733,70.82,0.0,0.0,0.0709,13.9227,2.7408,1.4609,2.2422,3264,2.0479,,,,,,,,,,2.0479204906181026,LSTM (+Weather),6,+6h,probabilistic_extension_20261004T121114+0900,42,parent_run_legacy_selection,dirac,0.0,0.5
3.6177,5.9141,34.9766,17.227,28.1624,1.5979,1.2641,0.9759,100.0,167.3343,100.0,-0.5979,0.0,-3.6177,1.0,8731,0.8604,1.434,,0.0,0.0,0.0,0.0,0.0,5.4265,1.9794,3.0712,3264,3.6177,,,,,,,,,,3.617660891077769,GRU (+Weather),6,+6h,probabilistic_extension_20261004T121114+0900,42,parent_run_legacy_selection,dirac,0.2808,0.5
2.0158,3.1932,10.1964,9.5992,15.2056,0.4658,0.6825,0.5438,55.7217,95.2405,265.21,0.5342,0.7406,-0.5586,0.3022,8731,1.0003,1.6003,0.0573,74.88,0.0,0.0,0.0576,14.5933,2.6594,1.4601,2.2282,3264,2.0158,,,,,,,,,,2.015822370539709,CNN-LSTM (+Weather),6,+6h,probabilistic_extension_20261004T121114+0900,42,parent_run_legacy_selection,dirac,0.0,0.5
1.9851,3.2138,10.3285,9.4531,15.3038,0.4719,0.6869,0.5355,54.8736,96.3307,227.31,0.5281,0.7442,-0.7431,0.3059,8731,1.0975,1.7299,0.1216,76.5,1.6837,17.156,-0.795,17.8395,2.6672,1.3792,2.1699,3264,1.9851,,,,,,,,,,1.9851414897728201,TCN (+Weather),6,+6h,probabilistic_extension_20261004T121114+0900,42,parent_run_legacy_selection,dirac,0.061,0.5101
2.1098,3.336,11.1289,10.0468,15.8857,0.5084,0.713,0.5691,58.32,96.0783,280.32,0.4916,0.7112,-0.552,0.3176,8731,1.086,1.7407,0.0681,72.97,0.0,0.0,0.128,15.9707,2.7753,1.5044,2.3585,3264,2.1098,,,,,,,,,,2.109818839988613,Transformer (+Weather),6,+6h,probabilistic_extension_20261004T121114+0900,42,parent_run_legacy_selection,dirac,0.0,0.5
2.1144,3.0648,9.393,10.0685,14.5943,0.4291,0.6551,0.5704,58.446,95.2449,390.82,0.5709,0.7632,-0.1446,0.2902,8731,1.0725,1.6305,0.1941,66.01,0.1718,1.2879,-0.235,14.8993,2.6791,1.5612,2.1706,3264,2.1144,,,,,,,,,,2.114376628087778,LightGBM (+Weather),6,+6h,probabilistic_extension_20261004T121114+0900,42,parent_run_legacy_selection,dirac,0.0097,0.5019
2.3944,3.8407,14.7507,11.4017,18.2889,0.6739,0.8209,0.6459,66.1855,98.4167,312.15,0.3261,0.6625,-0.0091,0.325,8731,1.3827,2.1664,-0.1416,99.83,0.0,0.0,0.0,20.1092,2.9952,1.9227,3.0479,3264,2.3944,,,,,,,,,,2.3943658721795904,Naive Persistence,6,+6h,probabilistic_extension_20261004T121114+0900,42,parent_run_legacy_selection,dirac,0.467,0.6815
3.5639,5.4349,29.5383,16.9708,25.8806,1.3494,1.1617,0.9614,98.5131,119.0889,646.21,-0.3494,0.323,-0.0238,0.4605,8731,1.1504,1.7486,0.2559,99.66,0.0,0.0,0.0,20.1092,4.4608,2.8914,4.5342,3264,3.5639,,,,,,,,,,3.563868683885007,24h Diurnal Persistence,6,+6h,probabilistic_extension_20261004T121114+0900,42,parent_run_legacy_selection,dirac,0.256,0.5554
2.4608,3.5683,12.7326,12.9198,16.9918,0.5817,0.7627,0.7319,74.9975,104.6952,675.2,0.4183,0.6569,0.4485,0.3293,8731,1.1105,1.7785,-0.1468,59.32,0.0,0.0,1.2467,14.3798,3.2793,2.0923,2.6364,3264,2.7132,0.0,0.5,0.1218433948999256,0.4101693850317267,0.8186469046062516,0.052360602434483976,89.47,40.43,14.5576,1.7709846411926022,ARIMA,6,+6h,probabilistic_extension_20261004T121114+0900,42,validation_crps,censored_normal,,
2.1528,3.0982,9.5987,10.2514,14.7532,0.4385,0.6622,0.5807,59.5077,95.5587,413.5,0.5615,0.7557,-0.0755,0.292,8731,1.0909,1.653,0.109,65.91,0.6299,8.4464,-1.1465,15.9553,2.7098,1.6013,2.2433,3264,2.1528,,,,,,,,,,2.1527855704681116,LightGBM (24h matched),6,+6h,probabilistic_extension_20261004T121114+0900,42,validation_crps,dirac,0.0284,0.505
1.9825,3.2009,10.2456,10.6161,15.2423,0.4681,0.6842,0.6014,61.6251,97.5174,423.33,0.5319,0.7558,-0.2425,0.3138,8731,1.0093,1.5638,0.057,56.44,0.0,0.0,0.34,11.9836,2.8474,1.5683,2.12,3264,2.2294,0.0,0.5,0.12250423777345094,0.3888934950240632,0.8110810958698964,0.08009964494330546,90.04,38.9,12.0087,1.4522937084036915,Quantile LightGBM (24h matched),6,+6h,probabilistic_extension_20261004T121114+0900,42,validation_crps,quantile,,
1.9778,3.1548,9.9527,10.4972,15.0228,0.4547,0.6743,0.5947,60.9347,96.9531,426.47,0.5453,0.7571,-0.151,0.3047,8731,1.0108,1.5612,0.0743,59.33,0.0,0.0,0.2407,12.9794,2.7933,1.5912,2.1605,3264,2.2044,0.0,0.5,0.11104473142579978,0.4227231551978049,0.825925968591514,0.021252920368163206,90.93,39.88,12.1149,1.4386142688232546,Hurdle Quantile LightGBM (24h matched),6,+6h,probabilistic_extension_20261004T121114+0900,42,validation_crps,hurdle_quantile,,
2.3245,3.5417,12.5439,11.6299,16.8654,0.5729,0.7569,0.6586,67.5059,101.0273,434.89,0.4271,0.6563,-0.2457,0.3411,8728,0.9803,1.5243,0.0943,62.63,0.0,0.0,0.3933,11.8772,3.1143,1.8713,2.5921,3261,2.4423,0.0,0.5,0.12447823938332173,0.35643603649475886,0.778662630807214,0.06476571909079412,93.16,43.96,12.6952,1.6569661825076871,EMFN (Proposed),9,+9h,probabilistic_extension_20261004T121114+0900,42,parent_run_legacy_selection,hurdle_beta,,
2.4055,3.6653,13.4347,11.4548,17.454,0.6136,0.7833,0.6487,66.4893,102.115,364.93,0.3864,0.6379,-0.6602,0.3651,8728,1.0364,1.5346,0.1448,61.46,9.017,445.9548,-2.9178,14.0185,3.1719,1.6164,2.3718,3261,2.4055,,,,,,,,,,2.4055037925536666,DLinear (+Weather),9,+9h,probabilistic_extension_20261004T121114+0900,42,parent_run_legacy_selection,dirac,0.2395,0.5572
2.3323,3.726,13.8828,11.1061,17.7427,0.634,0.7963,0.629,64.4657,102.667,267.22,0.366,0.6387,-0.9333,0.369,8728,0.9581,1.5177,0.0585,68.56,7.4588,134.6112,-0.496,15.556,3.1487,1.6441,2.5024,3261,2.3323,,,,,,,,,,2.332290414416876,LSTM (+Weather),9,+9h,probabilistic_extension_20261004T121114+0900,42,parent_run_legacy_selection,dirac,0.2638,0.5703
2.3232,3.6573,13.3761,11.063,17.4159,0.6109,0.7816,0.6265,64.215,104.0627,266.32,0.3891,0.6537,-0.9086,0.363,8728,0.9825,1.5392,0.0437,67.46,0.0,0.0,0.0,15.3667,3.1312,1.6398,2.4376,3261,2.3232,,,,,,,,,,2.3232207145770225,GRU (+Weather),9,+9h,probabilistic_extension_20261004T121114+0900,42,parent_run_legacy_selection,dirac,0.3152,0.591
2.3131,3.6234,13.1291,11.0145,17.2544,0.5996,0.7743,0.6238,63.9339,100.9257,306.94,0.4004,0.6531,-0.592,0.3431,8728,0.9793,1.5506,0.0723,75.38,0.0,0.0,0.2015,15.5887,3.0393,1.6658,2.5486,3261,2.3131,,,,,,,,,,2.3130516337245326,CNN-LSTM (+Weather),9,+9h,probabilistic_extension_20261004T121114+0900,42,parent_run_legacy_selection,dirac,0.0,0.5
2.3193,3.7103,13.7664,11.0444,17.6682,0.6287,0.7929,0.6255,64.107,103.1664,259.98,0.3713,0.644,-0.7797,0.3534,8728,1.1106,1.7254,0.0915,76.91,1.7186,19.3377,-0.6296,19.3962,3.0941,1.6477,2.5903,3261,2.3193,,,,,,,,,,2.3193149828744333,TCN (+Weather),9,+9h,probabilistic_extension_20261004T121114+0900,42,parent_run_legacy_selection,dirac,0.066,0.5115
2.4346,3.9197,15.3639,11.5932,18.6651,0.7017,0.8377,0.6565,67.2929,105.9129,247.63,0.2983,0.6026,-1.1212,0.3923,8728,1.0199,1.6584,0.0848,68.85,0.0687,2.7259,-0.9478,15.6717,3.3235,1.6498,2.5943,3261,2.4346,,,,,,,,,,2.4345768996629094,Transformer (+Weather),9,+9h,probabilistic_extension_20261004T121114+0900,42,parent_run_legacy_selection,dirac,0.0,0.4996
2.5211,3.5098,12.3184,12.0053,16.7131,0.5626,0.75,0.6799,69.6847,102.0988,502.17,0.4374,0.6683,-0.1124,0.3396,8728,1.013,1.5275,0.1969,57.53,0.0,0.0,0.2281,14.3107,3.1795,1.8674,2.4572,3261,2.5211,,,,,,,,,,2.521109754519314,LightGBM (+Weather),9,+9h,probabilistic_extension_20261004T121114+0900,42,parent_run_legacy_selection,dirac,0.0,0.5
2.643,4.1932,17.5825,12.5859,19.9674,0.803,0.8961,0.7128,73.0547,105.0909,340.23,0.197,0.5975,-0.0128,0.355,8728,1.3155,2.0074,0.02,99.75,0.0,0.0,0.0,20.1092,3.307,2.1406,3.3909,3261,2.643,,,,,,,,,,2.6430299379010083,Naive Persistence,9,+9h,probabilistic_extension_20261004T121114+0900,42,parent_run_legacy_selection,dirac,0.3864,0.6333
3.5644,5.4357,29.5471,16.9734,25.8844,1.3494,1.1616,0.9612,98.5222,119.1124,646.45,-0.3494,0.323,-0.0245,0.4606,8728,1.1505,1.7488,0.2559,99.66,0.0,0.0,0.0,20.1092,4.4616,2.8923,4.5358,3261,3.5644,,,,,,,,,,3.564413889207149,24h Diurnal Persistence,9,+9h,probabilistic_extension_20261004T121114+0900,42,parent_run_legacy_selection,dirac,0.256,0.5553
2.7572,3.8429,14.7677,14.4334,18.2994,0.6744,0.8212,0.8174,83.7785,108.5662,777.91,0.3256,0.5932,0.4841,0.3637,8728,0.9969,1.575,0.021,46.82,0.0,0.0,1.6971,12.3104,3.6677,2.321,2.7941,3261,3.031,0.0,0.5,0.1254964909878388,0.3454650961659865,0.7786948992437277,0.0514033420102954,89.53,45.2,15.2135,1.943294857377252,ARIMA,9,+9h,probabilistic_extension_20261004T121114+0900,42,validation_crps,censored_normal,,
2.5385,3.5247,12.4235,12.0881,16.7842,0.5674,0.7532,0.6846,70.1657,102.4387,513.61,0.4326,0.6604,-0.0102,0.336,8728,1.035,1.5512,0.1348,60.12,0.1604,6.3518,-1.7257,16.2176,3.1757,1.8954,2.5351,3261,2.5385,,,,,,,,,,2.538508841858899,LightGBM (24h matched),9,+9h,probabilistic_extension_20261004T121114+0900,42,validation_crps,dirac,0.0014,0.4995
2.3013,3.5761,12.7888,12.3063,17.0292,0.5841,0.7642,0.6969,71.4319,103.4784,526.36,0.4159,0.6687,-0.1829,0.3554,8728,0.9404,1.4647,0.1248,49.63,0.0,0.0,0.5071,12.1899,3.2761,1.8288,2.3591,3261,2.5843,0.0,0.5,0.12675166131989,0.3447661626237566,0.7762050916519634,0.07408913840513288,90.46,43.95,13.7009,1.6738937528708249,Quantile LightGBM (24h matched),9,+9h,probabilistic_extension_20261004T121114+0900,42,validation_crps,quantile,,
2.2999,3.5552,12.6396,12.2571,16.9296,0.5772,0.7598,0.6941,71.1462,103.2394,528.72,0.4228,0.6675,-0.1168,0.3494,8728,0.9429,1.4599,0.1439,51.86,0.0,0.0,0.2805,12.6119,3.2467,1.8629,2.4074,3261,2.574,0.0,0.5,0.11840291754684433,0.37509496975788337,0.7850066438405894,0.0144570997707847,90.59,44.88,13.6874,1.6679238787885349,Hurdle Quantile LightGBM (24h matched),9,+9h,probabilistic_extension_20261004T121114+0900,42,validation_crps,hurdle_quantile,,
2.5548,3.8352,14.7091,12.7503,18.2631,0.6716,0.8195,0.7219,73.9971,104.4068,514.04,0.3284,0.5794,-0.3674,0.3816,8725,0.9599,1.505,0.0898,54.62,0.0,0.0,0.4211,11.5356,3.4388,1.9484,2.6212,3258,2.6776,0.0,0.5,0.12390161579750152,0.3404809484447276,0.7528878670193826,0.04363106100470425,91.95,44.74,13.9348,1.820384958041736,EMFN (Proposed),12,+12h,probabilistic_extension_20261004T121114+0900,42,parent_run_legacy_selection,hurdle_beta,,
2.577,3.9502,15.6038,12.2714,18.8103,0.7124,0.8441,0.6948,71.2174,103.6315,402.11,0.2876,0.5616,-0.7393,0.3955,8725,1.0404,1.5422,0.1311,61.55,11.0258,519.4996,-2.7148,14.1976,3.4061,1.7359,2.5613,3258,2.577,,,,,,,,,,2.5769904301261843,DLinear (+Weather),12,+12h,probabilistic_extension_20261004T121114+0900,42,parent_run_legacy_selection,dirac,0.2864,0.5774
2.5722,4.0827,16.6687,12.2484,19.4416,0.7611,0.8724,0.6935,71.084,106.092,306.44,0.2389,0.5543,-1.2009,0.4238,8725,0.9302,1.4904,0.1292,60.36,0.0,0.0,0.336,16.8985,3.5154,1.6557,2.5214,3258,2.5722,,,,,,,,,,2.5721621421124117,LSTM (+Weather),12,+12h,probabilistic_extension_20261004T121114+0900,42,parent_run_legacy_selection,dirac,0.0,0.5
3.6185,5.9157,34.9956,17.2309,28.17,1.5978,1.264,0.9756,100.0,167.3119,100.0,-0.5978,0.0,-3.6185,1.0,8725,0.8602,1.4341,,0.0,0.0,0.0,0.0,0.0,5.4277,1.9786,3.0719,3258,3.6185,,,,,,,,,,3.6184821084240686,GRU (+Weather),12,+12h,probabilistic_extension_20261004T121114+0900,42,parent_run_legacy_selection,dirac,0.281,0.5
2.5007,3.995,15.9602,11.908,19.0239,0.7287,0.8536,0.6742,69.1086,108.0034,277.34,0.2713,0.5816,-1.156,0.4051,8725,0.9485,1.5185,0.0661,65.91,0.0,0.0,0.017,14.0215,3.4148,1.6652,2.5219,3258,2.5007,,,,,,,,,,2.500683572925872,CNN-LSTM (+Weather),12,+12h,probabilistic_extension_20261004T121114+0900,42,parent_run_legacy_selection,dirac,0.0,0.5
2.5656,3.9121,15.3044,12.217,18.629,0.6988,0.8359,0.6917,70.9017,104.7211,361.03,0.3012,0.5775,-0.7548,0.3867,8725,1.0702,1.6572,0.0761,65.66,0.0917,0.4514,-0.1069,19.1684,3.3957,1.7506,2.5822,3258,2.5656,,,,,,,,,,2.565566890090167,TCN (+Weather),12,+12h,probabilistic_extension_20261004T121114+0900,42,parent_run_legacy_selection,dirac,0.0056,0.5011
2.6577,4.0618,16.4981,12.6555,19.3418,0.7533,0.8679,0.7165,73.4468,106.2738,385.42,0.2467,0.54,-0.693,0.3952,8725,1.0494,1.671,0.0671,69.16,0.0,0.0,0.3535,15.3795,3.4953,1.9378,2.8753,3258,2.6577,,,,,,,,,,2.6576609640106,Transformer (+Weather),12,+12h,probabilistic_extension_20261004T121114+0900,42,parent_run_legacy_selection,dirac,0.0,0.5
2.7708,3.7925,14.383,13.1945,18.0595,0.6567,0.8104,0.7471,76.5748,105.9602,588.38,0.3433,0.5913,-0.0823,0.3721,8725,1.0428,1.5636,0.1459,51.35,0.0,0.0,0.457,13.0799,3.4841,2.0335,2.62,3258,2.7708,,,,,,,,,,2.7708463176979623,LightGBM (+Weather),12,+12h,probabilistic_extension_20261004T121114+0900,42,parent_run_legacy_selection,dirac,0.0,0.5
2.8353,4.4819,20.087,13.5016,21.3422,0.9171,0.9577,0.7645,78.3571,106.7868,405.34,0.0829,0.5401,-0.0158,0.3795,8725,1.3082,1.9621,0.0638,99.72,0.0,0.0,0.0,20.1092,3.5481,2.2926,3.6752,3258,2.8353,,,,,,,,,,2.835338103381089,Naive Persistence,12,+12h,probabilistic_extension_20261004T121114+0900,42,parent_run_legacy_selection,dirac,0.3703,0.6236
3.5655,5.4366,29.5572,16.9784,25.8888,1.3495,1.1617,0.9613,98.5347,119.1327,646.64,-0.3495,0.323,-0.0247,0.4606,8725,1.1507,1.7491,0.2556,99.66,0.0,0.0,0.0,20.1092,4.463,2.8945,4.5379,3258,3.5655,,,,,,,,,,3.5654611138108883,24h Diurnal Persistence,12,+12h,probabilistic_extension_20261004T121114+0900,42,parent_run_legacy_selection,dirac,0.256,0.5553
2.9864,4.0534,16.4303,15.5094,19.302,0.7502,0.8661,0.8781,90.0093,111.0616,866.87,0.2498,0.5375,0.4993,0.3903,8725,0.9484,1.499,0.0655,37.1,0.0,0.0,2.061,10.638,3.9464,2.4601,2.8707,3258,3.257,0.0,0.5,0.1292683794858065,0.31665399142860434,0.7403656421262341,0.06934185199538082,90.18,48.05,15.6683,2.0744881770565216,ARIMA,12,+12h,probabilistic_extension_20261004T121114+0900,42,validation_crps,censored_normal,,
2.7746,3.7912,14.3733,13.2125,18.0534,0.6563,0.8101,0.7481,76.6794,105.4339,593.71,0.3437,0.5868,0.0355,0.3636,8725,1.0646,1.5722,0.1386,56.5,0.0917,3.0894,-0.8022,15.0801,3.4594,2.0493,2.6983,3258,2.7746,,,,,,,,,,2.7746308555484784,LightGBM (24h matched),12,+12h,probabilistic_extension_20261004T121114+0900,42,validation_crps,dirac,0.0,0.4995
2.5135,3.8124,14.5347,13.3512,18.1545,0.6636,0.8146,0.7559,77.484,106.5448,607.16,0.3364,0.5979,-0.1278,0.381,8725,0.9564,1.4718,0.1305,45.54,0.0,0.0,0.6343,11.5635,3.5366,1.9768,2.4941,3258,2.8037,0.0,0.5,0.12965645845272203,0.306364424427011,0.7375684713097358,0.06863495702005733,90.02,46.27,14.662,1.8178031654842206,Quantile LightGBM (24h matched),12,+12h,probabilistic_extension_20261004T121114+0900,42,validation_crps,quantile,,
2.5209,3.7992,14.4335,13.3224,18.0912,0.659,0.8118,0.7543,77.3171,106.4018,608.39,0.341,0.5985,-0.0878,0.3772,8725,0.9561,1.4647,0.1464,46.85,0.0,0.0,0.4566,11.9106,3.5191,2.0007,2.5273,3258,2.7977,0.0,0.5,0.12272008669480249,0.33963824729200476,0.7529933109628844,0.012763442901087756,90.09,47.32,14.6057,1.812986147510712,Hurdle Quantile LightGBM (24h matched),12,+12h,probabilistic_extension_20261004T121114+0900,42,validation_crps,hurdle_quantile,,
3.1709,4.492,20.1784,16.8201,21.3907,0.9206,0.9595,0.9521,97.6297,114.5356,896.97,0.0794,0.2901,0.2079,0.4463,8713,0.9101,1.4334,0.1093,34.28,0.0,0.0,1.236,8.7324,4.3633,2.6046,3.1107,3253,3.5322,0.0,0.5,0.13578034365279829,0.2376479725215999,0.6446240119823752,0.05197294359295812,94.0,60.54,15.7012,2.2323357457171777,EMFN (Proposed),24,+24h,probabilistic_extension_20261004T121114+0900,42,parent_run_legacy_selection,hurdle_beta,,
3.2017,4.5938,21.1032,15.2462,21.8753,0.9628,0.9812,0.863,88.4942,116.2014,568.28,0.0372,0.2983,-0.9428,0.4996,8713,1.0379,1.5011,0.1816,40.44,4.4187,148.7117,-1.5089,10.1006,4.2378,1.9784,2.5937,3253,3.2017,,,,,,,,,,3.201699846856578,DLinear (+Weather),24,+24h,probabilistic_extension_20261004T121114+0900,42,parent_run_legacy_selection,dirac,0.1071,0.5143
3.1619,4.7925,22.9677,15.0566,22.8213,1.0479,1.0237,0.8523,87.3939,118.4014,433.64,-0.0479,0.3254,-1.165,0.4917,8713,0.9285,1.4698,0.117,62.84,0.1377,0.4385,-0.0867,16.0499,4.2436,2.1021,3.1186,3253,3.1619,,,,,,,,,,3.1618891460506235,LSTM (+Weather),24,+24h,probabilistic_extension_20261004T121114+0900,42,parent_run_legacy_selection,dirac,0.0042,0.5004
3.618,5.9167,35.0078,17.2285,28.175,1.5972,1.2638,0.9752,100.0,167.2668,100.0,-0.5972,0.0,-3.618,1.0,8713,0.8602,1.4344,,0.0,0.0,0.0,0.0,0.0,5.427,1.9726,3.0642,3253,3.618,,,,,,,,,,3.6179762698266957,GRU (+Weather),24,+24h,probabilistic_extension_20261004T121114+0900,42,parent_run_legacy_selection,dirac,0.2813,0.5
3.1187,4.7044,22.1314,14.851,22.4019,1.0097,1.0049,0.8406,86.2005,116.6007,473.22,-0.0097,0.3145,-1.2703,0.5093,8713,0.9061,1.4462,0.0946,50.17,0.4361,2.1698,-0.2141,12.9321,4.216,1.9581,2.8199,3253,3.1187,,,,,,,,,,3.1187147872251058,CNN-LSTM (+Weather),24,+24h,probabilistic_extension_20261004T121114+0900,42,parent_run_legacy_selection,dirac,0.0041,0.4987
2.9786,4.6799,21.9012,14.1837,22.2851,0.9992,0.9996,0.8029,82.3272,118.3145,346.28,0.0008,0.3729,-1.7338,0.5445,8713,0.9597,1.472,0.1353,40.67,4.4646,65.5628,-0.8189,12.8069,4.1567,1.6899,2.4459,3253,2.9786,,,,,,,,,,2.97857685202014,TCN (+Weather),24,+24h,probabilistic_extension_20261004T121114+0900,42,parent_run_legacy_selection,dirac,0.1014,0.5119
3.1605,4.6738,21.8446,15.0501,22.2563,0.9966,0.9983,0.8519,87.3559,115.1257,510.95,0.0034,0.3096,-1.0287,0.4935,8713,0.9863,1.5462,0.061,51.99,0.0,0.0,0.4382,13.7991,4.2078,2.0734,2.9303,3253,3.1605,,,,,,,,,,3.16051578535596,Transformer (+Weather),24,+24h,probabilistic_extension_20261004T121114+0900,42,parent_run_legacy_selection,dirac,0.0,0.5
3.3694,4.4068,19.42,16.0446,20.9848,0.886,0.9413,0.9082,93.1282,113.756,804.57,0.114,0.3385,-0.0588,0.4472,8713,0.9672,1.4764,0.1612,36.03,0.0,0.0,0.9411,10.3808,4.2264,2.4137,2.9174,3253,3.3694,,,,,,,,,,3.3693579309720607,LightGBM (+Weather),24,+24h,probabilistic_extension_20261004T121114+0900,42,parent_run_legacy_selection,dirac,0.0,0.5
3.5668,5.4388,29.5807,16.9847,25.8991,1.3496,1.1617,0.9614,98.5854,119.2049,647.64,-0.3496,0.323,-0.0212,0.4606,8713,1.1515,1.7499,0.2555,99.68,0.0,0.0,0.0,20.1092,4.4638,2.8931,4.5383,3253,3.5668,,,,,,,,,,3.566796705153219,Naive Persistence,24,+24h,probabilistic_extension_20261004T121114+0900,42,parent_run_legacy_selection,dirac,0.256,0.5552
3.5668,5.4388,29.5807,16.9847,25.8991,1.3496,1.1617,0.9614,98.5854,119.2049,647.64,-0.3496,0.323,-0.0212,0.4606,8713,1.1515,1.7499,0.2555,99.68,0.0,0.0,0.0,20.1092,4.4638,2.8931,4.5383,3253,3.5668,,,,,,,,,,3.566796705153219,24h Diurnal Persistence,24,+24h,probabilistic_extension_20261004T121114+0900,42,parent_run_legacy_selection,dirac,0.256,0.5552
3.4982,4.5334,20.5513,17.7483,21.5874,0.9376,0.9683,1.0046,103.0173,115.9394,1031.67,0.0624,0.3226,0.511,0.4486,8713,0.8515,1.395,0.2546,15.0,0.0,0.0,2.94,6.5983,4.5312,2.7453,3.0846,3253,3.7271,0.0,0.5,0.13564551657824758,0.22843568868383482,0.6357645972163919,0.04767363220790759,89.38,51.57,17.4677,2.386520358135813,ARIMA,24,+24h,probabilistic_extension_20261004T121114+0900,42,validation_crps,censored_normal,,
3.3772,4.3946,19.3125,16.0818,20.9267,0.8811,0.9387,0.9103,93.3446,113.4531,820.07,0.1189,0.3461,0.0135,0.4416,8713,0.9566,1.4564,0.1802,37.56,0.0,0.0,0.7628,11.2386,4.2181,2.3455,2.8534,3253,3.3772,,,,,,,,,,3.377186179986735,LightGBM (24h matched),24,+24h,probabilistic_extension_20261004T121114+0900,42,validation_crps,dirac,0.0,0.5
3.0006,4.3667,19.0682,16.0353,20.7939,0.87,0.9327,0.9077,93.0742,113.6049,816.8,0.13,0.3697,-0.0567,0.4489,8713,0.8813,1.3969,0.2296,28.92,0.0,0.0,1.0017,8.5841,4.2234,2.304,2.7312,3253,3.3674,0.0,0.5,0.13975381613680707,0.20906965670741084,0.5953928887559568,0.07465855618042005,90.66,54.3,16.8024,2.1627912282492536,Quantile LightGBM (24h matched),24,+24h,probabilistic_extension_20261004T121114+0900,42,validation_crps,quantile,,
3.017,4.3817,19.1997,16.1124,20.8654,0.876,0.9359,0.912,93.5223,113.8103,822.16,0.124,0.3582,-0.0318,0.4491,8713,0.8928,1.4051,0.2106,29.32,0.0,0.0,0.8231,8.4287,4.2375,2.334,2.7661,3253,3.3836,0.0,0.5,0.13294969865963027,0.24211572786934749,0.65168114325286,0.02132988590517071,90.76,55.08,16.4622,2.1757915529499954,Hurdle Quantile LightGBM (24h matched),24,+24h,probabilistic_extension_20261004T121114+0900,42,validation_crps,hurdle_quantile,,
