model,horizon_hours,count,crps_grid1001,crps_grid2001,absolute_difference
EMFN (Proposed),1,874,0.5470406563048166,0.5470047557073199,3.5900597496696385e-05
ARIMA,1,874,0.6404539597085076,0.6402799822807023,0.00017397742780533854
Quantile LightGBM (24h matched),1,874,0.5697181173096446,0.5693208364637312,0.00039728084591339474
Hurdle Quantile LightGBM (24h matched),1,874,0.5548030421654858,0.5546507458516081,0.00015229631387769782
EMFN (Proposed),3,874,1.1230647441790396,1.1230566736351322,8.07054390739026e-06
ARIMA,3,874,1.3716480200471055,1.3715571875316863,9.083251541919246e-05
Quantile LightGBM (24h matched),3,874,1.1406331936910024,1.1404804169149836,0.00015277677601877038
Hurdle Quantile LightGBM (24h matched),3,874,1.1255238839456099,1.125457824880279,6.605906533097006e-05
EMFN (Proposed),6,874,1.5165791933598987,1.5165904720690782,1.127870917949636e-05
ARIMA,6,874,1.8043346651374077,1.804237675520722,9.69896166858053e-05
Quantile LightGBM (24h matched),6,874,1.489884728711425,1.489905389265465,2.0660554040041745e-05
Hurdle Quantile LightGBM (24h matched),6,874,1.4772345794840012,1.4772795172717046,4.493778770342516e-05
EMFN (Proposed),9,873,1.6883983693774178,1.6883816127951996,1.6756582218224736e-05
ARIMA,9,873,1.9911648746387305,1.9911392011554754,2.5673483255106433e-05
Quantile LightGBM (24h matched),9,873,1.7249956874919998,1.7250030868027473,7.399310747446819e-06
Hurdle Quantile LightGBM (24h matched),9,873,1.715521289608861,1.7155176825020835,3.6071067774923193e-06
EMFN (Proposed),12,873,1.7833068381463235,1.7833785209986401,7.168285231662352e-05
ARIMA,12,873,2.003298938970948,2.003240033298078,5.8905672870146475e-05
Quantile LightGBM (24h matched),12,873,1.7638088346227432,1.7638427141489006,3.3879526157409856e-05
Hurdle Quantile LightGBM (24h matched),12,873,1.752900551952278,1.7529479489493673,4.739699708933287e-05
EMFN (Proposed),24,872,2.2367291667342166,2.2367938836773753,6.471694315868248e-05
ARIMA,24,872,2.3800701360971503,2.3800917566378152,2.162054066490171e-05
Quantile LightGBM (24h matched),24,872,2.171392230383995,2.1714333041246014,4.1073740606467624e-05
Hurdle Quantile LightGBM (24h matched),24,872,2.1836540754116887,2.1837133222214615,5.9246809772872666e-05
