model,horizon_hours,raw_quantile_violation_pct
EMFN (Proposed),1,
DLinear (+Weather),1,
LSTM (+Weather),1,
GRU (+Weather),1,
CNN-LSTM (+Weather),1,
TCN (+Weather),1,
Transformer (+Weather),1,
LightGBM (+Weather),1,
Naive Persistence,1,
24h Diurnal Persistence,1,
ARIMA,1,
LightGBM (24h matched),1,
Quantile LightGBM (24h matched),1,1.5687685330542471
Hurdle Quantile LightGBM (24h matched),1,0.476953601953602
EMFN (Proposed),3,
DLinear (+Weather),3,
LSTM (+Weather),3,
GRU (+Weather),3,
CNN-LSTM (+Weather),3,
TCN (+Weather),3,
Transformer (+Weather),3,
LightGBM (+Weather),3,
Naive Persistence,3,
24h Diurnal Persistence,3,
ARIMA,3,
LightGBM (24h matched),3,
Quantile LightGBM (24h matched),3,1.9927595494346122
Hurdle Quantile LightGBM (24h matched),3,0.7104146902635567
EMFN (Proposed),6,
DLinear (+Weather),6,
LSTM (+Weather),6,
GRU (+Weather),6,
CNN-LSTM (+Weather),6,
TCN (+Weather),6,
Transformer (+Weather),6,
LightGBM (+Weather),6,
Naive Persistence,6,
24h Diurnal Persistence,6,
ARIMA,6,
LightGBM (24h matched),6,
Quantile LightGBM (24h matched),6,2.701921451205611
Hurdle Quantile LightGBM (24h matched),6,0.5759444998936466
EMFN (Proposed),9,
DLinear (+Weather),9,
LSTM (+Weather),9,
GRU (+Weather),9,
CNN-LSTM (+Weather),9,
TCN (+Weather),9,
Transformer (+Weather),9,
LightGBM (+Weather),9,
Naive Persistence,9,
24h Diurnal Persistence,9,
ARIMA,9,
LightGBM (24h matched),9,
Quantile LightGBM (24h matched),9,2.053053118589324
Hurdle Quantile LightGBM (24h matched),9,0.3759111343895945
EMFN (Proposed),12,
DLinear (+Weather),12,
LSTM (+Weather),12,
GRU (+Weather),12,
CNN-LSTM (+Weather),12,
TCN (+Weather),12,
Transformer (+Weather),12,
LightGBM (+Weather),12,
Naive Persistence,12,
24h Diurnal Persistence,12,
ARIMA,12,
LightGBM (24h matched),12,
Quantile LightGBM (24h matched),12,1.6378769272752078
Hurdle Quantile LightGBM (24h matched),12,0.1882930822758903
EMFN (Proposed),24,
DLinear (+Weather),24,
LSTM (+Weather),24,
GRU (+Weather),24,
CNN-LSTM (+Weather),24,
TCN (+Weather),24,
Transformer (+Weather),24,
LightGBM (+Weather),24,
Naive Persistence,24,
24h Diurnal Persistence,24,
ARIMA,24,
LightGBM (24h matched),24,
Quantile LightGBM (24h matched),24,0.6995567652057954
Hurdle Quantile LightGBM (24h matched),24,0.0316986659233876
