start_time,end_time,duration_hours
2024-01-19 08:00:00,2024-01-20 21:00:00,38
2024-05-21 16:00:00,2024-05-23 00:00:00,33
2024-09-29 18:00:00,2024-10-01 01:00:00,32
2024-02-23 23:00:00,2024-02-25 02:00:00,28
2024-04-04 10:00:00,2024-04-05 12:00:00,27
2023-09-18 19:00:00,2023-09-19 20:00:00,26
2024-05-13 12:00:00,2024-05-14 12:00:00,25
2023-03-21 11:00:00,2023-03-22 11:00:00,25
2026-02-21 01:00:00,2026-02-22 00:00:00,24
2025-10-10 07:00:00,2025-10-11 06:00:00,24
2024-02-03 16:00:00,2024-02-04 14:00:00,23
2025-05-23 02:00:00,2025-05-23 23:00:00,22
2024-08-16 16:00:00,2024-08-17 11:00:00,20
2023-03-05 15:00:00,2023-03-06 10:00:00,20
2024-08-09 18:00:00,2024-08-10 12:00:00,19
2024-10-26 16:00:00,2024-10-27 10:00:00,19
2023-09-11 19:00:00,2023-09-12 13:00:00,19
2023-10-24 18:00:00,2023-10-25 12:00:00,19
2023-10-23 21:00:00,2023-10-24 15:00:00,19
2025-08-27 19:00:00,2025-08-28 13:00:00,19
2025-07-23 21:00:00,2025-07-24 13:00:00,17
2024-09-05 21:00:00,2024-09-06 13:00:00,17
2024-08-03 21:00:00,2024-08-04 13:00:00,17
2024-11-03 20:00:00,2024-11-04 12:00:00,17
2024-02-20 13:00:00,2024-02-21 05:00:00,17
2023-08-26 23:00:00,2023-08-27 15:00:00,17
2024-02-27 20:00:00,2024-02-28 12:00:00,17
2025-09-03 21:00:00,2025-09-04 13:00:00,17
2024-08-23 21:00:00,2024-08-24 12:00:00,16
2023-08-11 21:00:00,2023-08-12 12:00:00,16
2023-04-24 22:00:00,2023-04-25 13:00:00,16
2023-10-29 21:00:00,2023-10-30 12:00:00,16
2026-02-12 21:00:00,2026-02-13 12:00:00,16
2023-11-21 07:00:00,2023-11-21 21:00:00,15
2024-08-26 22:00:00,2024-08-27 12:00:00,15
2023-04-30 20:00:00,2023-05-01 10:00:00,15
2024-08-22 21:00:00,2024-08-23 11:00:00,15
2023-10-25 21:00:00,2023-10-26 11:00:00,15
2024-09-08 23:00:00,2024-09-09 13:00:00,15
2024-11-13 21:00:00,2024-11-14 11:00:00,15
2025-05-31 20:00:00,2025-06-01 10:00:00,15
2025-07-12 15:00:00,2025-07-13 05:00:00,15
2024-04-22 22:00:00,2024-04-23 12:00:00,15
2023-03-09 23:00:00,2023-03-10 12:00:00,14
2025-10-06 08:00:00,2025-10-06 21:00:00,14
2023-06-16 00:00:00,2023-06-16 13:00:00,14
2025-08-26 22:00:00,2025-08-27 11:00:00,14
2023-09-25 04:00:00,2023-09-25 17:00:00,14
2023-05-06 23:00:00,2023-05-07 12:00:00,14
2024-09-17 23:00:00,2024-09-18 12:00:00,14
2025-09-23 00:00:00,2025-09-23 12:00:00,13
2024-04-07 15:00:00,2024-04-08 03:00:00,13
2024-05-19 21:00:00,2024-05-20 09:00:00,13
2023-10-23 00:00:00,2023-10-23 12:00:00,13
2026-01-18 02:00:00,2026-01-18 14:00:00,13
2024-11-15 11:00:00,2024-11-15 23:00:00,13
2025-06-26 01:00:00,2025-06-26 13:00:00,13
2024-09-26 00:00:00,2024-09-26 12:00:00,13
2024-05-24 23:00:00,2024-05-25 11:00:00,13
2025-03-10 07:00:00,2025-03-10 18:00:00,12
2026-03-24 00:00:00,2026-03-24 11:00:00,12
2025-01-19 00:00:00,2025-01-19 11:00:00,12
2024-03-03 21:00:00,2024-03-04 08:00:00,12
2024-03-05 07:00:00,2024-03-05 18:00:00,12
2023-08-24 21:00:00,2023-08-25 08:00:00,12
2024-10-16 22:00:00,2024-10-17 09:00:00,12
2023-07-01 02:00:00,2023-07-01 13:00:00,12
2024-03-25 00:00:00,2024-03-25 11:00:00,12
2024-10-21 07:00:00,2024-10-21 18:00:00,12
2024-09-09 20:00:00,2024-09-10 07:00:00,12
2025-09-26 07:00:00,2025-09-26 18:00:00,12
2024-04-21 23:00:00,2024-04-22 10:00:00,12
2023-05-30 20:00:00,2023-05-31 07:00:00,12
2025-09-14 02:00:00,2025-09-14 13:00:00,12
2025-11-08 00:00:00,2025-11-08 10:00:00,11
2025-08-15 03:00:00,2025-08-15 13:00:00,11
2024-08-15 01:00:00,2024-08-15 11:00:00,11
2024-08-12 22:00:00,2024-08-13 08:00:00,11
2023-05-31 19:00:00,2023-06-01 05:00:00,11
2025-05-29 02:00:00,2025-05-29 12:00:00,11
2024-09-05 03:00:00,2024-09-05 13:00:00,11
2025-07-09 01:00:00,2025-07-09 11:00:00,11
2025-07-11 21:00:00,2025-07-12 07:00:00,11
2025-04-23 17:00:00,2025-04-24 03:00:00,11
2024-06-11 03:00:00,2024-06-11 13:00:00,11
2024-06-10 03:00:00,2024-06-10 13:00:00,11
2026-02-20 00:00:00,2026-02-20 10:00:00,11
2023-05-30 07:00:00,2023-05-30 17:00:00,11
2023-06-18 15:00:00,2023-06-19 01:00:00,11
2024-04-21 09:00:00,2024-04-21 18:00:00,10
2025-03-10 22:00:00,2025-03-11 07:00:00,10
2025-03-03 21:00:00,2025-03-04 06:00:00,10
2024-08-26 04:00:00,2024-08-26 13:00:00,10
2024-09-01 04:00:00,2024-09-01 13:00:00,10
2024-11-08 18:00:00,2024-11-09 03:00:00,10
2025-05-06 02:00:00,2025-05-06 11:00:00,10
2024-09-25 07:00:00,2024-09-25 16:00:00,10
2023-09-24 04:00:00,2023-09-24 13:00:00,10
2024-11-30 23:00:00,2024-12-01 08:00:00,10
2023-09-04 04:00:00,2023-09-04 13:00:00,10
2025-03-11 09:00:00,2025-03-11 18:00:00,10
2025-07-07 18:00:00,2025-07-08 03:00:00,10
2024-06-04 02:00:00,2024-06-04 11:00:00,10
2023-08-14 04:00:00,2023-08-14 13:00:00,10
2025-02-15 02:00:00,2025-02-15 11:00:00,10
2023-12-05 23:00:00,2023-12-06 08:00:00,10
2024-06-26 04:00:00,2024-06-26 13:00:00,10
2025-06-03 23:00:00,2025-06-04 08:00:00,10
2025-10-11 08:00:00,2025-10-11 17:00:00,10
2025-05-28 10:00:00,2025-05-28 19:00:00,10
2024-05-14 20:00:00,2024-05-15 05:00:00,10
2024-11-16 02:00:00,2024-11-16 11:00:00,10
2025-09-27 13:00:00,2025-09-27 22:00:00,10
2025-07-07 04:00:00,2025-07-07 13:00:00,10
2023-09-09 16:00:00,2023-09-10 00:00:00,9
2023-09-10 21:00:00,2023-09-11 05:00:00,9
2025-07-08 05:00:00,2025-07-08 13:00:00,9
2023-10-31 15:00:00,2023-10-31 23:00:00,9
2025-09-09 21:00:00,2025-09-10 05:00:00,9
2024-02-03 06:00:00,2024-02-03 14:00:00,9
2025-08-07 21:00:00,2025-08-08 05:00:00,9
2025-09-07 21:00:00,2025-09-08 05:00:00,9
2025-10-30 23:00:00,2025-10-31 07:00:00,9
2023-05-10 11:00:00,2023-05-10 19:00:00,9
2024-03-15 23:00:00,2024-03-16 07:00:00,9
2024-05-31 07:00:00,2024-05-31 15:00:00,9
2024-06-27 22:00:00,2024-06-28 06:00:00,9
2023-07-19 23:00:00,2023-07-20 07:00:00,9
2025-05-17 13:00:00,2025-05-17 21:00:00,9
2024-11-09 20:00:00,2024-11-10 04:00:00,9
2024-09-08 04:00:00,2024-09-08 12:00:00,9
2024-08-05 05:00:00,2024-08-05 13:00:00,9
2025-08-16 05:00:00,2025-08-16 13:00:00,9
2023-06-12 02:00:00,2023-06-12 10:00:00,9
2024-04-13 05:00:00,2024-04-13 13:00:00,9
2023-10-02 22:00:00,2023-10-03 05:00:00,8
2024-08-07 04:00:00,2024-08-07 11:00:00,8
2025-09-19 05:00:00,2025-09-19 12:00:00,8
2024-04-25 11:00:00,2024-04-25 18:00:00,8
2024-08-24 22:00:00,2024-08-25 05:00:00,8
2024-07-11 06:00:00,2024-07-11 13:00:00,8
2025-12-16 04:00:00,2025-12-16 11:00:00,8
2024-06-06 13:00:00,2024-06-06 20:00:00,8
2024-09-04 06:00:00,2024-09-04 13:00:00,8
2023-08-13 03:00:00,2023-08-13 10:00:00,8
2023-08-15 01:00:00,2023-08-15 08:00:00,8
2024-08-13 22:00:00,2024-08-14 05:00:00,8
2024-05-23 07:00:00,2024-05-23 14:00:00,8
2024-05-09 22:00:00,2024-05-10 05:00:00,8
2023-05-11 21:00:00,2023-05-12 04:00:00,8
2024-08-18 04:00:00,2024-08-18 11:00:00,8
2025-08-20 22:00:00,2025-08-21 05:00:00,8
2025-08-11 01:00:00,2025-08-11 08:00:00,8
2025-08-17 06:00:00,2025-08-17 13:00:00,8
2024-06-13 16:00:00,2024-06-13 23:00:00,8
2025-10-09 22:00:00,2025-10-10 05:00:00,8
2023-03-17 15:00:00,2023-03-17 22:00:00,8
2024-10-31 11:00:00,2024-10-31 18:00:00,8
2024-10-26 07:00:00,2024-10-26 14:00:00,8
2023-03-29 20:00:00,2023-03-30 03:00:00,8
2024-07-11 22:00:00,2024-07-12 05:00:00,8
2024-09-06 17:00:00,2024-09-07 00:00:00,8
2025-04-26 20:00:00,2025-04-27 03:00:00,8
2024-02-16 22:00:00,2024-02-17 05:00:00,8
2024-08-03 06:00:00,2024-08-03 13:00:00,8
2024-03-14 15:00:00,2024-03-14 22:00:00,8
2025-06-14 22:00:00,2025-06-15 05:00:00,8
2024-09-07 17:00:00,2024-09-08 00:00:00,8
2023-03-25 11:00:00,2023-03-25 18:00:00,8
2023-10-19 19:00:00,2023-10-20 01:00:00,7
2024-06-11 15:00:00,2024-06-11 21:00:00,7
2023-11-15 23:00:00,2023-11-16 05:00:00,7
2025-08-18 06:00:00,2025-08-18 12:00:00,7
2024-07-12 15:00:00,2024-07-12 21:00:00,7
2024-09-01 21:00:00,2024-09-02 03:00:00,7
2025-04-03 23:00:00,2025-04-04 05:00:00,7
2024-06-05 23:00:00,2024-06-06 05:00:00,7
2023-09-28 00:00:00,2023-09-28 06:00:00,7
2024-10-12 08:00:00,2024-10-12 14:00:00,7
2025-06-09 07:00:00,2025-06-09 13:00:00,7
2023-01-08 10:00:00,2023-01-08 16:00:00,7
2023-08-17 21:00:00,2023-08-18 03:00:00,7
2024-10-25 00:00:00,2024-10-25 06:00:00,7
2024-03-29 22:00:00,2024-03-30 04:00:00,7
2024-10-01 07:00:00,2024-10-01 13:00:00,7
2023-08-12 19:00:00,2023-08-13 01:00:00,7
2025-05-31 07:00:00,2025-05-31 13:00:00,7
2023-03-31 22:00:00,2023-04-01 04:00:00,7
2025-10-15 07:00:00,2025-10-15 13:00:00,7
2024-10-29 08:00:00,2024-10-29 14:00:00,7
2023-03-28 23:00:00,2023-03-29 05:00:00,7
2025-06-26 15:00:00,2025-06-26 21:00:00,7
2025-09-08 07:00:00,2025-09-08 13:00:00,7
2024-01-08 20:00:00,2024-01-09 02:00:00,7
2025-02-27 00:00:00,2025-02-27 06:00:00,7
2024-08-15 18:00:00,2024-08-16 00:00:00,7
2023-10-18 13:00:00,2023-10-18 19:00:00,7
2023-10-29 07:00:00,2023-10-29 13:00:00,7
2025-10-17 07:00:00,2025-10-17 13:00:00,7
2024-01-31 09:00:00,2024-01-31 15:00:00,7
2023-05-19 22:00:00,2023-05-20 04:00:00,7
2025-08-22 04:00:00,2025-08-22 10:00:00,7
2025-09-23 18:00:00,2025-09-24 00:00:00,7
2024-04-17 19:00:00,2024-04-18 01:00:00,7
2023-06-19 18:00:00,2023-06-20 00:00:00,7
2025-10-02 07:00:00,2025-10-02 13:00:00,7
2023-08-20 16:00:00,2023-08-20 22:00:00,7
2023-06-24 03:00:00,2023-06-24 09:00:00,7
2025-10-15 15:00:00,2025-10-15 21:00:00,7
2024-09-14 05:00:00,2024-09-14 11:00:00,7
2025-10-16 23:00:00,2025-10-17 05:00:00,7
2023-05-31 09:00:00,2023-05-31 15:00:00,7
2025-05-07 16:00:00,2025-05-07 22:00:00,7
2025-08-15 21:00:00,2025-08-16 03:00:00,7
2024-04-08 10:00:00,2024-04-08 16:00:00,7
2023-03-05 07:00:00,2023-03-05 13:00:00,7
2023-08-13 15:00:00,2023-08-13 21:00:00,7
2023-04-14 22:00:00,2023-04-15 03:00:00,6
2025-10-29 13:00:00,2025-10-29 18:00:00,6
2023-02-27 20:00:00,2023-02-28 01:00:00,6
2024-08-12 08:00:00,2024-08-12 13:00:00,6
2025-09-02 18:00:00,2025-09-02 23:00:00,6
2024-07-01 08:00:00,2024-07-01 13:00:00,6
2023-01-06 14:00:00,2023-01-06 19:00:00,6
2024-09-02 06:00:00,2024-09-02 11:00:00,6
2025-12-06 07:00:00,2025-12-06 12:00:00,6
2023-10-03 07:00:00,2023-10-03 12:00:00,6
2024-02-02 23:00:00,2024-02-03 04:00:00,6
2025-12-15 21:00:00,2025-12-16 02:00:00,6
2023-05-20 06:00:00,2023-05-20 11:00:00,6
2025-09-11 08:00:00,2025-09-11 13:00:00,6
2024-05-09 00:00:00,2024-05-09 05:00:00,6
2024-08-14 17:00:00,2024-08-14 22:00:00,6
2023-02-12 02:00:00,2023-02-12 07:00:00,6
2025-07-28 21:00:00,2025-07-29 02:00:00,6
2023-09-18 03:00:00,2023-09-18 08:00:00,6
2023-09-24 21:00:00,2023-09-25 02:00:00,6
2023-09-17 08:00:00,2023-09-17 13:00:00,6
2024-09-08 15:00:00,2024-09-08 20:00:00,6
2023-08-01 01:00:00,2023-08-01 06:00:00,6
2025-06-23 08:00:00,2025-06-23 13:00:00,6
2025-06-23 21:00:00,2025-06-24 02:00:00,6
2024-11-09 13:00:00,2024-11-09 18:00:00,6
2023-09-10 02:00:00,2023-09-10 07:00:00,6
2023-06-13 18:00:00,2023-06-13 23:00:00,6
2023-03-23 01:00:00,2023-03-23 06:00:00,6
2023-06-14 17:00:00,2023-06-14 22:00:00,6
2025-09-18 22:00:00,2025-09-19 03:00:00,6
2023-06-07 05:00:00,2023-06-07 10:00:00,6
2025-08-02 05:00:00,2025-08-02 10:00:00,6
2024-08-07 15:00:00,2024-08-07 20:00:00,6
2024-03-18 20:00:00,2024-03-19 01:00:00,6
2023-04-01 08:00:00,2023-04-01 13:00:00,6
2024-10-11 21:00:00,2024-10-12 02:00:00,6
2025-06-11 21:00:00,2025-06-12 02:00:00,6
2024-07-15 03:00:00,2024-07-15 08:00:00,6
2024-07-30 03:00:00,2024-07-30 08:00:00,6
2025-05-26 22:00:00,2025-05-27 03:00:00,6
2024-06-26 18:00:00,2024-06-26 23:00:00,6
2025-06-05 08:00:00,2025-06-05 13:00:00,6
2023-02-06 08:00:00,2023-02-06 13:00:00,6
2023-08-17 05:00:00,2023-08-17 10:00:00,6
2023-08-15 17:00:00,2023-08-15 22:00:00,6
2025-02-15 20:00:00,2025-02-16 01:00:00,6
2026-03-17 07:00:00,2026-03-17 12:00:00,6
2023-12-28 01:00:00,2023-12-28 06:00:00,6
2025-03-12 09:00:00,2025-03-12 14:00:00,6
2025-11-15 20:00:00,2025-11-16 01:00:00,6
2025-11-23 00:00:00,2025-11-23 05:00:00,6
2023-12-02 13:00:00,2023-12-02 18:00:00,6
2024-06-13 08:00:00,2024-06-13 13:00:00,6
2024-06-15 09:00:00,2024-06-15 13:00:00,5
2025-11-16 09:00:00,2025-11-16 13:00:00,5
2025-11-23 07:00:00,2025-11-23 11:00:00,5
2025-11-24 03:00:00,2025-11-24 07:00:00,5
2023-11-26 00:00:00,2023-11-26 04:00:00,5
2023-12-23 22:00:00,2023-12-24 02:00:00,5
2024-06-17 17:00:00,2024-06-17 21:00:00,5
2026-01-12 07:00:00,2026-01-12 11:00:00,5
2023-01-26 01:00:00,2023-01-26 05:00:00,5
2024-03-23 09:00:00,2024-03-23 13:00:00,5
2024-10-15 07:00:00,2024-10-15 11:00:00,5
2024-10-17 13:00:00,2024-10-17 17:00:00,5
2024-06-05 07:00:00,2024-06-05 11:00:00,5
2024-08-02 09:00:00,2024-08-02 13:00:00,5
2025-10-15 01:00:00,2025-10-15 05:00:00,5
2025-05-27 08:00:00,2025-05-27 12:00:00,5
2024-03-27 06:00:00,2024-03-27 10:00:00,5
2024-03-31 09:00:00,2024-03-31 13:00:00,5
2025-06-09 15:00:00,2025-06-09 19:00:00,5
2025-06-10 16:00:00,2025-06-10 20:00:00,5
2025-06-18 02:00:00,2025-06-18 06:00:00,5
2023-08-05 06:00:00,2023-08-05 10:00:00,5
2023-03-30 18:00:00,2023-03-30 22:00:00,5
2023-06-16 15:00:00,2023-06-16 19:00:00,5
2023-07-21 03:00:00,2023-07-21 07:00:00,5
2025-06-23 15:00:00,2025-06-23 19:00:00,5
2025-06-25 15:00:00,2025-06-25 19:00:00,5
2024-11-08 10:00:00,2024-11-08 14:00:00,5
2024-02-12 09:00:00,2024-02-12 13:00:00,5
2024-02-22 00:00:00,2024-02-22 04:00:00,5
2025-05-12 05:00:00,2025-05-12 09:00:00,5
2025-05-18 22:00:00,2025-05-19 02:00:00,5
2023-07-01 15:00:00,2023-07-01 19:00:00,5
2023-07-01 22:00:00,2023-07-02 02:00:00,5
2023-03-24 23:00:00,2023-03-25 03:00:00,5
2024-09-05 15:00:00,2024-09-05 19:00:00,5
2023-06-18 09:00:00,2023-06-18 13:00:00,5
2024-09-13 21:00:00,2024-09-14 01:00:00,5
2024-09-24 01:00:00,2024-09-24 05:00:00,5
2023-09-10 09:00:00,2023-09-10 13:00:00,5
2025-05-26 09:00:00,2025-05-26 13:00:00,5
2025-04-15 21:00:00,2025-04-16 01:00:00,5
2025-05-08 01:00:00,2025-05-08 05:00:00,5
2024-11-16 13:00:00,2024-11-16 17:00:00,5
2023-06-06 07:00:00,2023-06-06 11:00:00,5
2025-07-23 09:00:00,2025-07-23 13:00:00,5
2025-08-01 06:00:00,2025-08-01 10:00:00,5
2023-06-11 08:00:00,2023-06-11 12:00:00,5
2024-04-12 09:00:00,2024-04-12 13:00:00,5
2024-09-02 19:00:00,2024-09-02 23:00:00,5
2025-09-22 10:00:00,2025-09-22 14:00:00,5
2025-09-26 20:00:00,2025-09-27 00:00:00,5
2024-04-23 20:00:00,2024-04-24 00:00:00,5
2025-08-16 15:00:00,2025-08-16 19:00:00,5
2025-08-21 07:00:00,2025-08-21 11:00:00,5
2023-05-13 08:00:00,2023-05-13 12:00:00,5
2024-08-06 08:00:00,2024-08-06 12:00:00,5
2024-05-30 00:00:00,2024-05-30 04:00:00,5
2024-12-02 07:00:00,2024-12-02 11:00:00,5
2025-03-23 07:00:00,2025-03-23 11:00:00,5
2023-09-29 20:00:00,2023-09-30 00:00:00,5
2025-11-26 22:00:00,2025-11-27 02:00:00,5
2025-12-10 09:00:00,2025-12-10 13:00:00,5
2025-09-05 05:00:00,2025-09-05 09:00:00,5
2023-04-22 07:00:00,2023-04-22 11:00:00,5
2025-09-03 09:00:00,2025-09-03 13:00:00,5
2023-05-11 08:00:00,2023-05-11 12:00:00,5
2024-08-19 05:00:00,2024-08-19 09:00:00,5
2024-08-24 16:00:00,2024-08-24 20:00:00,5
2025-03-03 08:00:00,2025-03-03 12:00:00,5
2023-10-30 20:00:00,2023-10-31 00:00:00,5
2025-03-08 01:00:00,2025-03-08 05:00:00,5
2025-03-09 21:00:00,2025-03-10 01:00:00,5
2023-01-10 09:00:00,2023-01-10 13:00:00,5
2023-02-11 20:00:00,2023-02-12 00:00:00,5
2025-11-04 22:00:00,2025-11-05 02:00:00,5
2023-02-25 12:00:00,2023-02-25 16:00:00,5
2023-02-26 12:00:00,2023-02-26 16:00:00,5
2025-04-04 10:00:00,2025-04-04 14:00:00,5
2023-10-18 07:00:00,2023-10-18 11:00:00,5
2026-01-16 21:00:00,2026-01-17 00:00:00,4
2023-02-14 13:00:00,2023-02-14 16:00:00,4
2024-06-05 14:00:00,2024-06-05 17:00:00,4
2024-06-28 08:00:00,2024-06-28 11:00:00,4
2023-01-07 12:00:00,2023-01-07 15:00:00,4
2025-02-15 15:00:00,2025-02-15 18:00:00,4
2025-01-30 16:00:00,2025-01-30 19:00:00,4
2023-11-26 16:00:00,2023-11-26 19:00:00,4
2025-01-30 11:00:00,2025-01-30 14:00:00,4
2025-01-19 22:00:00,2025-01-20 01:00:00,4
2023-03-21 01:00:00,2023-03-21 04:00:00,4
2023-03-20 07:00:00,2023-03-20 10:00:00,4
2023-03-01 09:00:00,2023-03-01 12:00:00,4
2024-08-07 23:00:00,2024-08-08 02:00:00,4
2024-08-06 23:00:00,2024-08-07 02:00:00,4
2024-08-04 16:00:00,2024-08-04 19:00:00,4
2023-03-29 07:00:00,2023-03-29 10:00:00,4
2025-09-02 07:00:00,2025-09-02 10:00:00,4
2025-08-28 18:00:00,2025-08-28 21:00:00,4
2025-01-13 20:00:00,2025-01-13 23:00:00,4
2025-01-05 15:00:00,2025-01-05 18:00:00,4
2024-12-29 20:00:00,2024-12-29 23:00:00,4
2024-12-20 21:00:00,2024-12-21 00:00:00,4
2025-03-14 09:00:00,2025-03-14 12:00:00,4
2023-10-31 09:00:00,2023-10-31 12:00:00,4
2025-02-25 19:00:00,2025-02-25 22:00:00,4
2025-09-09 10:00:00,2025-09-09 13:00:00,4
2024-08-09 00:00:00,2024-08-09 03:00:00,4
2025-08-21 15:00:00,2025-08-21 18:00:00,4
2024-08-23 16:00:00,2024-08-23 19:00:00,4
2024-05-01 13:00:00,2024-05-01 16:00:00,4
2024-04-28 00:00:00,2024-04-28 03:00:00,4
2024-04-26 20:00:00,2024-04-26 23:00:00,4
2025-09-04 23:00:00,2025-09-05 02:00:00,4
2024-12-20 10:00:00,2024-12-20 13:00:00,4
2024-01-31 23:00:00,2024-02-01 02:00:00,4
2025-04-23 12:00:00,2025-04-23 15:00:00,4
2023-12-26 03:00:00,2023-12-26 06:00:00,4
2025-08-08 16:00:00,2025-08-08 19:00:00,4
2025-08-08 08:00:00,2025-08-08 11:00:00,4
2024-04-10 20:00:00,2024-04-10 23:00:00,4
2024-04-09 15:00:00,2024-04-09 18:00:00,4
2024-09-01 16:00:00,2024-09-01 19:00:00,4
2025-07-09 15:00:00,2025-07-09 18:00:00,4
2023-06-17 06:00:00,2023-06-17 09:00:00,4
2024-04-13 20:00:00,2024-04-13 23:00:00,4
2023-06-13 10:00:00,2023-06-13 13:00:00,4
2023-06-13 01:00:00,2023-06-13 04:00:00,4
2023-06-12 18:00:00,2023-06-12 21:00:00,4
2023-06-22 21:00:00,2023-06-23 00:00:00,4
2024-09-24 09:00:00,2024-09-24 12:00:00,4
2024-11-11 22:00:00,2024-11-12 01:00:00,4
2024-11-10 12:00:00,2024-11-10 15:00:00,4
2024-11-01 00:00:00,2024-11-01 03:00:00,4
2023-09-27 00:00:00,2023-09-27 03:00:00,4
2024-09-17 10:00:00,2024-09-17 13:00:00,4
2024-09-13 10:00:00,2024-09-13 13:00:00,4
2025-07-12 10:00:00,2025-07-12 13:00:00,4
2025-07-11 04:00:00,2025-07-11 07:00:00,4
2025-07-10 22:00:00,2025-07-11 01:00:00,4
2024-09-28 22:00:00,2024-09-29 01:00:00,4
2024-09-28 09:00:00,2024-09-28 12:00:00,4
2025-06-25 02:00:00,2025-06-25 05:00:00,4
2025-06-22 21:00:00,2025-06-23 00:00:00,4
2023-07-20 15:00:00,2023-07-20 18:00:00,4
2023-07-20 10:00:00,2023-07-20 13:00:00,4
2024-03-23 21:00:00,2024-03-24 00:00:00,4
2024-03-14 10:00:00,2024-03-14 13:00:00,4
2024-03-10 21:00:00,2024-03-11 00:00:00,4
2025-06-02 20:00:00,2025-06-02 23:00:00,4
2025-04-22 15:00:00,2025-04-22 18:00:00,4
2023-09-12 16:00:00,2023-09-12 19:00:00,4
2023-08-11 06:00:00,2023-08-11 09:00:00,4
2023-08-01 21:00:00,2023-08-02 00:00:00,4
2025-06-12 16:00:00,2025-06-12 19:00:00,4
2024-10-09 20:00:00,2024-10-09 23:00:00,4
2026-03-11 02:00:00,2026-03-11 05:00:00,4
2026-03-04 23:00:00,2026-03-05 02:00:00,4
2026-03-01 20:00:00,2026-03-01 23:00:00,4
2026-03-01 15:00:00,2026-03-01 18:00:00,4
2023-01-10 21:00:00,2023-01-11 00:00:00,4
2023-01-10 16:00:00,2023-01-10 19:00:00,4
2026-02-28 20:00:00,2026-02-28 23:00:00,4
2026-02-09 22:00:00,2026-02-10 01:00:00,4
2023-02-28 12:00:00,2023-02-28 15:00:00,4
2024-06-02 20:00:00,2024-06-02 23:00:00,4
2024-06-01 13:00:00,2024-06-01 16:00:00,4
2023-02-04 13:00:00,2023-02-04 16:00:00,4
2023-03-25 20:00:00,2023-03-25 23:00:00,4
2025-03-04 11:00:00,2025-03-04 13:00:00,3
2025-11-07 20:00:00,2025-11-07 22:00:00,3
2025-11-12 08:00:00,2025-11-12 10:00:00,3
2026-02-05 09:00:00,2026-02-05 11:00:00,3
2025-11-15 16:00:00,2025-11-15 18:00:00,3
2024-07-13 04:00:00,2024-07-13 06:00:00,3
2024-07-13 08:00:00,2024-07-13 10:00:00,3
2024-07-15 10:00:00,2024-07-15 12:00:00,3
2024-08-02 17:00:00,2024-08-02 19:00:00,3
2024-08-03 17:00:00,2024-08-03 19:00:00,3
2025-10-13 00:00:00,2025-10-13 02:00:00,3
2025-10-13 17:00:00,2025-10-13 19:00:00,3
2023-02-20 12:00:00,2023-02-20 14:00:00,3
2023-02-22 10:00:00,2023-02-22 12:00:00,3
2023-02-27 03:00:00,2023-02-27 05:00:00,3
2026-02-24 00:00:00,2026-02-24 02:00:00,3
2025-03-05 00:00:00,2025-03-05 02:00:00,3
2023-01-11 11:00:00,2023-01-11 13:00:00,3
2024-06-17 01:00:00,2024-06-17 03:00:00,3
2024-03-05 01:00:00,2024-03-05 03:00:00,3
2024-10-25 20:00:00,2024-10-25 22:00:00,3
2025-05-30 00:00:00,2025-05-30 02:00:00,3
2025-05-30 23:00:00,2025-05-31 01:00:00,3
2025-05-31 03:00:00,2025-05-31 05:00:00,3
2025-06-17 17:00:00,2025-06-17 19:00:00,3
2025-06-18 08:00:00,2025-06-18 10:00:00,3
2023-08-01 17:00:00,2023-08-01 19:00:00,3
2023-08-11 02:00:00,2023-08-11 04:00:00,3
2023-07-03 11:00:00,2023-07-03 13:00:00,3
2024-10-10 09:00:00,2024-10-10 11:00:00,3
2024-10-12 20:00:00,2024-10-12 22:00:00,3
2023-09-11 09:00:00,2023-09-11 11:00:00,3
2025-05-22 15:00:00,2025-05-22 17:00:00,3
2025-04-21 03:00:00,2025-04-21 05:00:00,3
2024-03-24 07:00:00,2024-03-24 09:00:00,3
2023-08-14 21:00:00,2023-08-14 23:00:00,3
2023-08-18 23:00:00,2023-08-19 01:00:00,3
2025-05-31 16:00:00,2025-05-31 18:00:00,3
2025-06-02 16:00:00,2025-06-02 18:00:00,3
2025-06-09 02:00:00,2025-06-09 04:00:00,3
2024-10-22 10:00:00,2024-10-22 12:00:00,3
2024-10-25 08:00:00,2024-10-25 10:00:00,3
2024-02-27 08:00:00,2024-02-27 10:00:00,3
2024-02-29 03:00:00,2024-02-29 05:00:00,3
2024-03-15 10:00:00,2024-03-15 12:00:00,3
2024-03-23 16:00:00,2024-03-23 18:00:00,3
2023-07-03 21:00:00,2023-07-03 23:00:00,3
2023-07-05 21:00:00,2023-07-05 23:00:00,3
2023-07-31 17:00:00,2023-07-31 19:00:00,3
2025-06-23 03:00:00,2025-06-23 05:00:00,3
2025-06-25 21:00:00,2025-06-25 23:00:00,3
2024-09-25 03:00:00,2024-09-25 05:00:00,3
2024-03-24 16:00:00,2024-03-24 18:00:00,3
2024-03-30 22:00:00,2024-03-31 00:00:00,3
2024-10-06 03:00:00,2024-10-06 05:00:00,3
2024-10-09 16:00:00,2024-10-09 18:00:00,3
2025-07-10 04:00:00,2025-07-10 06:00:00,3
2025-07-10 09:00:00,2025-07-10 11:00:00,3
2025-07-11 10:00:00,2025-07-11 12:00:00,3
2024-09-10 09:00:00,2024-09-10 11:00:00,3
2024-09-17 17:00:00,2024-09-17 19:00:00,3
2024-09-23 16:00:00,2024-09-23 18:00:00,3
2023-10-04 00:00:00,2023-10-04 02:00:00,3
2025-04-07 01:00:00,2025-04-07 03:00:00,3
2025-04-09 03:00:00,2025-04-09 05:00:00,3
2025-04-11 16:00:00,2025-04-11 18:00:00,3
2023-08-24 05:00:00,2023-08-24 07:00:00,3
2023-08-24 09:00:00,2023-08-24 11:00:00,3
2023-08-29 17:00:00,2023-08-29 19:00:00,3
2024-11-03 03:00:00,2024-11-03 05:00:00,3
2024-02-21 16:00:00,2024-02-21 18:00:00,3
2025-05-11 20:00:00,2025-05-11 22:00:00,3
2023-09-06 22:00:00,2023-09-07 00:00:00,3
2023-09-10 15:00:00,2023-09-10 17:00:00,3
2024-09-24 21:00:00,2024-09-24 23:00:00,3
2023-06-19 10:00:00,2023-06-19 12:00:00,3
2023-06-23 15:00:00,2023-06-23 17:00:00,3
2025-07-24 17:00:00,2025-07-24 19:00:00,3
2023-06-09 07:00:00,2023-06-09 09:00:00,3
2025-08-07 17:00:00,2025-08-07 19:00:00,3
2024-04-13 00:00:00,2024-04-13 02:00:00,3
2024-04-13 16:00:00,2024-04-13 18:00:00,3
2024-04-16 08:00:00,2024-04-16 10:00:00,3
2024-09-03 11:00:00,2024-09-03 13:00:00,3
2023-06-17 01:00:00,2023-06-17 03:00:00,3
2023-06-17 21:00:00,2023-06-17 23:00:00,3
2023-06-18 04:00:00,2023-06-18 06:00:00,3
2023-05-13 21:00:00,2023-05-13 23:00:00,3
2023-05-20 17:00:00,2023-05-20 19:00:00,3
2024-04-22 14:00:00,2024-04-22 16:00:00,3
2024-04-24 03:00:00,2024-04-24 05:00:00,3
2024-04-09 20:00:00,2024-04-09 22:00:00,3
2024-04-10 10:00:00,2024-04-10 12:00:00,3
2025-01-14 08:00:00,2025-01-14 10:00:00,3
2025-01-18 10:00:00,2025-01-18 12:00:00,3
2025-01-18 18:00:00,2025-01-18 20:00:00,3
2023-12-27 08:00:00,2023-12-27 10:00:00,3
2025-04-29 21:00:00,2025-04-29 23:00:00,3
2025-05-11 09:00:00,2025-05-11 11:00:00,3
2024-12-19 23:00:00,2024-12-20 01:00:00,3
2024-01-19 02:00:00,2024-01-19 04:00:00,3
2024-01-30 16:00:00,2024-01-30 18:00:00,3
2025-03-20 04:00:00,2025-03-20 06:00:00,3
2025-03-22 12:00:00,2025-03-22 14:00:00,3
2025-03-25 21:00:00,2025-03-25 23:00:00,3
2025-08-14 17:00:00,2025-08-14 19:00:00,3
2023-05-25 00:00:00,2023-05-25 02:00:00,3
2023-05-30 02:00:00,2023-05-30 04:00:00,3
2023-06-06 03:00:00,2023-06-06 05:00:00,3
2025-07-23 17:00:00,2025-07-23 19:00:00,3
2025-09-03 15:00:00,2025-09-03 17:00:00,3
2023-05-08 11:00:00,2023-05-08 13:00:00,3
2023-05-09 11:00:00,2023-05-09 13:00:00,3
2023-05-11 14:00:00,2023-05-11 16:00:00,3
2024-08-19 17:00:00,2024-08-19 19:00:00,3
2024-04-26 11:00:00,2024-04-26 13:00:00,3
2024-08-25 09:00:00,2024-08-25 11:00:00,3
2025-08-17 00:00:00,2025-08-17 02:00:00,3
2025-08-19 08:00:00,2025-08-19 10:00:00,3
2025-08-21 20:00:00,2025-08-21 22:00:00,3
2023-04-11 22:00:00,2023-04-12 00:00:00,3
2023-04-13 13:00:00,2023-04-13 15:00:00,3
2024-08-08 10:00:00,2024-08-08 12:00:00,3
2024-08-09 09:00:00,2024-08-09 11:00:00,3
2024-05-04 03:00:00,2024-05-04 05:00:00,3
2025-09-05 11:00:00,2025-09-05 13:00:00,3
2025-09-05 15:00:00,2025-09-05 17:00:00,3
2023-04-24 01:00:00,2023-04-24 03:00:00,3
2023-04-27 15:00:00,2023-04-27 17:00:00,3
2025-02-28 10:00:00,2025-02-28 12:00:00,3
2023-10-28 12:00:00,2023-10-28 14:00:00,3
2023-11-04 08:00:00,2023-11-04 10:00:00,3
2023-10-19 00:00:00,2023-10-19 02:00:00,3
2023-10-19 09:00:00,2023-10-19 11:00:00,3
2023-10-22 20:00:00,2023-10-22 22:00:00,3
2023-10-25 17:00:00,2023-10-25 19:00:00,3
2025-03-14 01:00:00,2025-03-14 03:00:00,3
2024-12-25 15:00:00,2024-12-25 17:00:00,3
2025-09-12 01:00:00,2025-09-12 03:00:00,3
2025-09-14 15:00:00,2025-09-14 17:00:00,3
2025-08-29 21:00:00,2025-08-29 23:00:00,3
2023-03-30 10:00:00,2023-03-30 12:00:00,3
2024-08-05 21:00:00,2024-08-05 23:00:00,3
2024-05-23 03:00:00,2024-05-23 05:00:00,3
2024-05-29 00:00:00,2024-05-29 02:00:00,3
2024-05-29 09:00:00,2024-05-29 11:00:00,3
2024-05-29 20:00:00,2024-05-29 22:00:00,3
2025-09-15 17:00:00,2025-09-15 19:00:00,3
2023-03-25 06:00:00,2023-03-25 08:00:00,3
2026-02-24 13:00:00,2026-02-24 15:00:00,3
2023-12-28 10:00:00,2023-12-28 12:00:00,3
2025-01-23 21:00:00,2025-01-23 23:00:00,3
2023-11-28 22:00:00,2023-11-29 00:00:00,3
2023-12-04 20:00:00,2023-12-04 22:00:00,3
2025-02-11 03:00:00,2025-02-11 05:00:00,3
2025-02-25 10:00:00,2025-02-25 12:00:00,3
2025-09-22 20:00:00,2025-09-22 22:00:00,3
2023-04-01 20:00:00,2023-04-01 22:00:00,3
2023-04-06 09:00:00,2023-04-06 11:00:00,3
2023-04-08 12:00:00,2023-04-08 14:00:00,3
2023-04-09 14:00:00,2023-04-09 16:00:00,3
2026-03-24 20:00:00,2026-03-24 22:00:00,3
2024-06-10 15:00:00,2024-06-10 17:00:00,3
2024-06-14 08:00:00,2024-06-14 10:00:00,3
2025-11-16 03:00:00,2025-11-16 05:00:00,3
2023-02-12 12:00:00,2023-02-12 14:00:00,3
2023-02-17 08:00:00,2023-02-17 10:00:00,3
2023-02-18 14:00:00,2023-02-18 16:00:00,3
2024-06-24 23:00:00,2024-06-25 01:00:00,3
2024-06-25 17:00:00,2024-06-25 19:00:00,3
2023-01-24 12:00:00,2023-01-24 14:00:00,3
2026-02-02 00:00:00,2026-02-02 02:00:00,3
2023-01-26 20:00:00,2023-01-26 22:00:00,3
2023-02-05 20:00:00,2023-02-05 21:00:00,2
2026-03-21 10:00:00,2026-03-21 11:00:00,2
2026-03-17 17:00:00,2026-03-17 18:00:00,2
2026-01-17 23:00:00,2026-01-18 00:00:00,2
2024-06-23 07:00:00,2024-06-23 08:00:00,2
2024-06-20 23:00:00,2024-06-21 00:00:00,2
2024-06-19 04:00:00,2024-06-19 05:00:00,2
2024-06-15 23:00:00,2024-06-16 00:00:00,2
2024-06-15 18:00:00,2024-06-15 19:00:00,2
2026-03-22 09:00:00,2026-03-22 10:00:00,2
2023-01-05 08:00:00,2023-01-05 09:00:00,2
2026-01-12 04:00:00,2026-01-12 05:00:00,2
2026-01-09 10:00:00,2026-01-09 11:00:00,2
2023-02-17 05:00:00,2023-02-17 06:00:00,2
2023-02-11 10:00:00,2023-02-11 11:00:00,2
2023-02-08 14:00:00,2023-02-08 15:00:00,2
2025-12-28 11:00:00,2025-12-28 12:00:00,2
2025-12-22 20:00:00,2025-12-22 21:00:00,2
2025-12-22 17:00:00,2025-12-22 18:00:00,2
2025-11-29 04:00:00,2025-11-29 05:00:00,2
2024-07-11 15:00:00,2024-07-11 16:00:00,2
2024-07-05 09:00:00,2024-07-05 10:00:00,2
2024-07-01 04:00:00,2024-07-01 05:00:00,2
2024-06-26 15:00:00,2024-06-26 16:00:00,2
2025-11-24 11:00:00,2025-11-24 12:00:00,2
2025-11-16 17:00:00,2025-11-16 18:00:00,2
2025-11-07 17:00:00,2025-11-07 18:00:00,2
2025-11-07 11:00:00,2025-11-07 12:00:00,2
2023-02-27 14:00:00,2023-02-27 15:00:00,2
2023-02-22 17:00:00,2023-02-22 18:00:00,2
2023-02-18 19:00:00,2023-02-18 20:00:00,2
2025-11-06 00:00:00,2025-11-06 01:00:00,2
2025-10-30 08:00:00,2025-10-30 09:00:00,2
2025-10-29 20:00:00,2025-10-29 21:00:00,2
2024-06-03 14:00:00,2024-06-03 15:00:00,2
2024-06-03 11:00:00,2024-06-03 12:00:00,2
2024-06-02 13:00:00,2024-06-02 14:00:00,2
2024-05-31 04:00:00,2024-05-31 05:00:00,2
2024-05-30 20:00:00,2024-05-30 21:00:00,2
2024-07-21 07:00:00,2024-07-21 08:00:00,2
2024-07-14 18:00:00,2024-07-14 19:00:00,2
2024-07-12 10:00:00,2024-07-12 11:00:00,2
2023-03-21 08:00:00,2023-03-21 09:00:00,2
2025-10-13 06:00:00,2025-10-13 07:00:00,2
2025-10-09 11:00:00,2025-10-09 12:00:00,2
2023-03-31 07:00:00,2023-03-31 08:00:00,2
2023-03-31 03:00:00,2023-03-31 04:00:00,2
2023-03-30 15:00:00,2023-03-30 16:00:00,2
2023-03-29 17:00:00,2023-03-29 18:00:00,2
2025-09-30 11:00:00,2025-09-30 12:00:00,2
2025-09-26 04:00:00,2025-09-26 05:00:00,2
2024-05-29 04:00:00,2024-05-29 05:00:00,2
2024-05-25 20:00:00,2024-05-25 21:00:00,2
2024-05-25 17:00:00,2024-05-25 18:00:00,2
2024-08-05 17:00:00,2024-08-05 18:00:00,2
2024-08-05 01:00:00,2024-08-05 02:00:00,2
2023-04-19 15:00:00,2023-04-19 16:00:00,2
2023-04-17 12:00:00,2023-04-17 13:00:00,2
2023-04-09 20:00:00,2023-04-09 21:00:00,2
2023-04-09 10:00:00,2023-04-09 11:00:00,2
2023-04-27 09:00:00,2023-04-27 10:00:00,2
2023-04-24 14:00:00,2023-04-24 15:00:00,2
2023-04-20 16:00:00,2023-04-20 17:00:00,2
2025-09-08 15:00:00,2025-09-08 16:00:00,2
2023-05-12 07:00:00,2023-05-12 08:00:00,2
2023-05-09 07:00:00,2023-05-09 08:00:00,2
2023-05-06 17:00:00,2023-05-06 18:00:00,2
2024-05-21 11:00:00,2024-05-21 12:00:00,2
2024-05-21 07:00:00,2024-05-21 08:00:00,2
2024-05-03 20:00:00,2024-05-03 21:00:00,2
2024-05-03 15:00:00,2024-05-03 16:00:00,2
2024-05-02 09:00:00,2024-05-02 10:00:00,2
2024-08-14 12:00:00,2024-08-14 13:00:00,2
2024-08-12 05:00:00,2024-08-12 06:00:00,2
2025-08-29 08:00:00,2025-08-29 09:00:00,2
2023-05-21 13:00:00,2023-05-21 14:00:00,2
2023-05-21 04:00:00,2023-05-21 05:00:00,2
2023-05-20 14:00:00,2023-05-20 15:00:00,2
2023-05-15 04:00:00,2023-05-15 05:00:00,2
2023-05-12 23:00:00,2023-05-13 00:00:00,2
2025-08-23 08:00:00,2025-08-23 09:00:00,2
2025-08-17 17:00:00,2025-08-17 18:00:00,2
2023-05-24 21:00:00,2023-05-24 22:00:00,2
2025-08-08 23:00:00,2025-08-09 00:00:00,2
2024-04-29 14:00:00,2024-04-29 15:00:00,2
2024-04-28 07:00:00,2024-04-28 08:00:00,2
2024-04-27 02:00:00,2024-04-27 03:00:00,2
2024-04-26 17:00:00,2024-04-26 18:00:00,2
2024-04-26 03:00:00,2024-04-26 04:00:00,2
2024-08-17 21:00:00,2024-08-17 22:00:00,2
2024-08-17 15:00:00,2024-08-17 16:00:00,2
2024-08-16 11:00:00,2024-08-16 12:00:00,2
2023-06-11 21:00:00,2023-06-11 22:00:00,2
2023-06-10 05:00:00,2023-06-10 06:00:00,2
2023-06-09 11:00:00,2023-06-09 12:00:00,2
2023-06-08 09:00:00,2023-06-08 10:00:00,2
2025-08-01 01:00:00,2025-08-01 02:00:00,2
2025-07-29 11:00:00,2025-07-29 12:00:00,2
2024-04-23 17:00:00,2024-04-23 18:00:00,2
2024-04-22 18:00:00,2024-04-22 19:00:00,2
2024-04-17 11:00:00,2024-04-17 12:00:00,2
2024-08-31 23:00:00,2024-09-01 00:00:00,2
2024-05-02 00:00:00,2024-05-02 01:00:00,2
2024-05-01 21:00:00,2024-05-01 22:00:00,2
2024-05-01 09:00:00,2024-05-01 10:00:00,2
2024-04-29 20:00:00,2024-04-29 21:00:00,2
2024-04-29 17:00:00,2024-04-29 18:00:00,2
2025-07-25 08:00:00,2025-07-25 09:00:00,2
2025-07-24 21:00:00,2025-07-24 22:00:00,2
2025-07-11 18:00:00,2025-07-11 19:00:00,2
2025-07-09 20:00:00,2025-07-09 21:00:00,2
2025-07-08 22:00:00,2025-07-08 23:00:00,2
2023-06-13 15:00:00,2023-06-13 16:00:00,2
2023-06-23 09:00:00,2023-06-23 10:00:00,2
2025-07-07 15:00:00,2025-07-07 16:00:00,2
2025-06-25 07:00:00,2025-06-25 08:00:00,2
2023-07-21 00:00:00,2023-07-21 01:00:00,2
2023-07-06 04:00:00,2023-07-06 05:00:00,2
2024-09-16 01:00:00,2024-09-16 02:00:00,2
2024-09-14 15:00:00,2024-09-14 16:00:00,2
2024-09-04 01:00:00,2024-09-04 02:00:00,2
2024-09-03 21:00:00,2024-09-03 22:00:00,2
2024-09-03 17:00:00,2024-09-03 18:00:00,2
2024-04-16 04:00:00,2024-04-16 05:00:00,2
2024-04-25 20:00:00,2024-04-25 21:00:00,2
2023-08-12 14:00:00,2023-08-12 15:00:00,2
2023-08-02 10:00:00,2023-08-02 11:00:00,2
2023-08-01 12:00:00,2023-08-01 13:00:00,2
2023-08-01 09:00:00,2023-08-01 10:00:00,2
2025-06-22 17:00:00,2025-06-22 18:00:00,2
2025-06-22 02:00:00,2025-06-22 03:00:00,2
2024-09-25 18:00:00,2024-09-25 19:00:00,2
2024-04-09 10:00:00,2024-04-09 11:00:00,2
2024-04-07 00:00:00,2024-04-07 01:00:00,2
2024-04-05 23:00:00,2024-04-06 00:00:00,2
2024-04-05 17:00:00,2024-04-05 18:00:00,2
2024-04-03 16:00:00,2024-04-03 17:00:00,2
2024-04-01 17:00:00,2024-04-01 18:00:00,2
2024-09-23 22:00:00,2024-09-23 23:00:00,2
2025-06-11 18:00:00,2025-06-11 19:00:00,2
2025-06-10 12:00:00,2025-06-10 13:00:00,2
2025-06-09 21:00:00,2025-06-09 22:00:00,2
2025-06-05 15:00:00,2025-06-05 16:00:00,2
2023-08-17 18:00:00,2023-08-17 19:00:00,2
2023-09-01 21:00:00,2023-09-01 22:00:00,2
2023-08-26 11:00:00,2023-08-26 12:00:00,2
2023-08-20 07:00:00,2023-08-20 08:00:00,2
2024-03-31 15:00:00,2024-03-31 16:00:00,2
2024-03-27 02:00:00,2024-03-27 03:00:00,2
2024-03-25 22:00:00,2024-03-25 23:00:00,2
2024-03-24 21:00:00,2024-03-24 22:00:00,2
2024-09-29 12:00:00,2024-09-29 13:00:00,2
2024-09-29 03:00:00,2024-09-29 04:00:00,2
2025-05-17 04:00:00,2025-05-17 05:00:00,2
2023-09-23 17:00:00,2023-09-23 18:00:00,2
2023-09-23 00:00:00,2023-09-23 01:00:00,2
2023-09-17 18:00:00,2023-09-17 19:00:00,2
2023-09-16 17:00:00,2023-09-16 18:00:00,2
2023-09-15 10:00:00,2023-09-15 11:00:00,2
2025-05-05 01:00:00,2025-05-05 02:00:00,2
2025-05-01 19:00:00,2025-05-01 20:00:00,2
2025-04-29 17:00:00,2025-04-29 18:00:00,2
2025-04-26 17:00:00,2025-04-26 18:00:00,2
2024-03-24 04:00:00,2024-03-24 05:00:00,2
2024-03-15 20:00:00,2024-03-15 21:00:00,2
2024-03-15 17:00:00,2024-03-15 18:00:00,2
2024-03-11 22:00:00,2024-03-11 23:00:00,2
2024-10-13 17:00:00,2024-10-13 18:00:00,2
2024-10-10 03:00:00,2024-10-10 04:00:00,2
2024-10-06 23:00:00,2024-10-07 00:00:00,2
2024-10-06 08:00:00,2024-10-06 09:00:00,2
2024-10-04 23:00:00,2024-10-05 00:00:00,2
2024-04-01 08:00:00,2024-04-01 09:00:00,2
2025-04-10 04:00:00,2025-04-10 05:00:00,2
2025-04-06 21:00:00,2025-04-06 22:00:00,2
2025-04-06 12:00:00,2025-04-06 13:00:00,2
2025-04-04 17:00:00,2025-04-04 18:00:00,2
2023-10-08 10:00:00,2023-10-08 11:00:00,2
2024-02-28 21:00:00,2024-02-28 22:00:00,2
2023-09-30 13:00:00,2023-09-30 14:00:00,2
2023-09-26 08:00:00,2023-09-26 09:00:00,2
2025-03-25 04:00:00,2025-03-25 05:00:00,2
2025-03-23 13:00:00,2025-03-23 14:00:00,2
2025-03-14 21:00:00,2025-03-14 22:00:00,2
2023-10-23 18:00:00,2023-10-23 19:00:00,2
2023-10-14 07:00:00,2023-10-14 08:00:00,2
2025-03-12 00:00:00,2025-03-12 01:00:00,2
2025-03-09 13:00:00,2025-03-09 14:00:00,2
2025-03-07 12:00:00,2025-03-07 13:00:00,2
2023-11-10 02:00:00,2023-11-10 03:00:00,2
2023-11-03 21:00:00,2023-11-03 22:00:00,2
2025-02-11 07:00:00,2025-02-11 08:00:00,2
2023-12-13 09:00:00,2023-12-13 10:00:00,2
2023-11-20 22:00:00,2023-11-20 23:00:00,2
2025-01-27 02:00:00,2025-01-27 03:00:00,2
2025-01-22 17:00:00,2025-01-22 18:00:00,2
2025-01-22 00:00:00,2025-01-22 01:00:00,2
2024-11-02 22:00:00,2024-11-02 23:00:00,2
2024-10-29 18:00:00,2024-10-29 19:00:00,2
2024-10-26 01:00:00,2024-10-26 02:00:00,2
2024-01-04 11:00:00,2024-01-04 12:00:00,2
2023-12-27 13:00:00,2023-12-27 14:00:00,2
2023-12-26 20:00:00,2023-12-26 21:00:00,2
2025-01-18 14:00:00,2025-01-18 15:00:00,2
2025-01-05 21:00:00,2025-01-05 22:00:00,2
2024-12-29 17:00:00,2024-12-29 18:00:00,2
2024-12-25 10:00:00,2024-12-25 11:00:00,2
2024-01-30 20:00:00,2024-01-30 21:00:00,2
2024-01-16 22:00:00,2024-01-16 23:00:00,2
2024-01-16 16:00:00,2024-01-16 17:00:00,2
2024-01-09 06:00:00,2024-01-09 07:00:00,2
2024-12-07 11:00:00,2024-12-07 12:00:00,2
2024-12-02 01:00:00,2024-12-02 02:00:00,2
2024-11-24 17:00:00,2024-11-24 18:00:00,2
2024-02-15 07:00:00,2024-02-15 08:00:00,2
2024-02-05 00:00:00,2024-02-05 01:00:00,2
2024-02-04 17:00:00,2024-02-04 18:00:00,2
2024-11-14 13:00:00,2024-11-14 14:00:00,2
2024-11-13 13:00:00,2024-11-13 14:00:00,2
2023-02-02 13:00:00,2023-02-02 14:00:00,2
2023-01-26 17:00:00,2023-01-26 18:00:00,2
2023-01-26 09:00:00,2023-01-26 10:00:00,2
2023-01-25 22:00:00,2023-01-25 23:00:00,2
2023-01-23 13:00:00,2023-01-23 14:00:00,2
2023-01-22 09:00:00,2023-01-22 10:00:00,2
2026-02-09 17:00:00,2026-02-09 18:00:00,2
2026-02-04 18:00:00,2026-02-04 19:00:00,2
2026-02-04 08:00:00,2026-02-04 09:00:00,2
2026-03-24 17:00:00,2026-03-24 18:00:00,2
2026-02-28 13:00:00,2026-02-28 14:00:00,2
2026-02-25 17:00:00,2026-02-25 18:00:00,2
2023-01-06 11:00:00,2023-01-06 12:00:00,2
2023-02-06 00:00:00,2023-02-06 00:00:00,1
2026-03-29 05:00:00,2026-03-29 05:00:00,1
2023-02-06 05:00:00,2023-02-06 05:00:00,1
2026-02-20 20:00:00,2026-02-20 20:00:00,1
2026-02-24 05:00:00,2026-02-24 05:00:00,1
2026-02-27 05:00:00,2026-02-27 05:00:00,1
2026-02-27 09:00:00,2026-02-27 09:00:00,1
2026-02-27 14:00:00,2026-02-27 14:00:00,1
2026-02-28 11:00:00,2026-02-28 11:00:00,1
2026-03-01 05:00:00,2026-03-01 05:00:00,1
2026-03-22 15:00:00,2026-03-22 15:00:00,1
2024-06-24 11:00:00,2024-06-24 11:00:00,1
2024-06-23 21:00:00,2024-06-23 21:00:00,1
2024-06-23 17:00:00,2024-06-23 17:00:00,1
2024-06-19 01:00:00,2024-06-19 01:00:00,1
2024-06-18 05:00:00,2024-06-18 05:00:00,1
2024-06-17 10:00:00,2024-06-17 10:00:00,1
2024-06-17 05:00:00,2024-06-17 05:00:00,1
2023-01-11 17:00:00,2023-01-11 17:00:00,1
2026-01-16 11:00:00,2026-01-16 11:00:00,1
2023-02-17 18:00:00,2023-02-17 18:00:00,1
2023-02-17 02:00:00,2023-02-17 02:00:00,1
2023-02-17 00:00:00,2023-02-17 00:00:00,1
2023-02-13 03:00:00,2023-02-13 03:00:00,1
2023-02-11 05:00:00,2023-02-11 05:00:00,1
2023-02-09 09:00:00,2023-02-09 09:00:00,1
2023-02-06 23:00:00,2023-02-06 23:00:00,1
2023-12-30 05:00:00,2023-12-30 05:00:00,1
2023-12-23 18:00:00,2023-12-23 18:00:00,1
2023-12-14 01:00:00,2023-12-14 01:00:00,1
2025-01-14 20:00:00,2025-01-14 20:00:00,1
2025-01-13 18:00:00,2025-01-13 18:00:00,1
2024-12-26 01:00:00,2024-12-26 01:00:00,1
2024-01-08 18:00:00,2024-01-08 18:00:00,1
2024-01-06 00:00:00,2024-01-06 00:00:00,1
2024-01-05 21:00:00,2024-01-05 21:00:00,1
2024-12-01 18:00:00,2024-12-01 18:00:00,1
2024-11-19 18:00:00,2024-11-19 18:00:00,1
2024-11-15 08:00:00,2024-11-15 08:00:00,1
2024-11-15 04:00:00,2024-11-15 04:00:00,1
2024-11-14 22:00:00,2024-11-14 22:00:00,1
2024-11-14 18:00:00,2024-11-14 18:00:00,1
2024-11-14 16:00:00,2024-11-14 16:00:00,1
2024-11-10 06:00:00,2024-11-10 06:00:00,1
2024-11-08 16:00:00,2024-11-08 16:00:00,1
2024-11-03 13:00:00,2024-11-03 13:00:00,1
2024-11-03 10:00:00,2024-11-03 10:00:00,1
2024-11-03 07:00:00,2024-11-03 07:00:00,1
2024-10-31 22:00:00,2024-10-31 22:00:00,1
2024-10-31 09:00:00,2024-10-31 09:00:00,1
2024-10-31 05:00:00,2024-10-31 05:00:00,1
2024-10-26 05:00:00,2024-10-26 05:00:00,1
2024-03-05 23:00:00,2024-03-05 23:00:00,1
2024-03-05 05:00:00,2024-03-05 05:00:00,1
2024-01-04 22:00:00,2024-01-04 22:00:00,1
2024-01-04 20:00:00,2024-01-04 20:00:00,1
2024-01-04 18:00:00,2024-01-04 18:00:00,1
2024-01-02 13:00:00,2024-01-02 13:00:00,1
2024-01-02 11:00:00,2024-01-02 11:00:00,1
2023-12-07 17:00:00,2023-12-07 17:00:00,1
2023-12-02 10:00:00,2023-12-02 10:00:00,1
2023-11-27 04:00:00,2023-11-27 04:00:00,1
2023-11-26 12:00:00,2023-11-26 12:00:00,1
2023-11-18 05:00:00,2023-11-18 05:00:00,1
2025-01-30 05:00:00,2025-01-30 05:00:00,1
2025-01-26 20:00:00,2025-01-26 20:00:00,1
2025-01-24 11:00:00,2025-01-24 11:00:00,1
2025-01-23 07:00:00,2025-01-23 07:00:00,1
2025-01-23 04:00:00,2025-01-23 04:00:00,1
2025-01-22 20:00:00,2025-01-22 20:00:00,1
2025-01-22 08:00:00,2025-01-22 08:00:00,1
2025-01-19 13:00:00,2025-01-19 13:00:00,1
2025-01-18 22:00:00,2025-01-18 22:00:00,1
2024-11-10 20:00:00,2024-11-10 20:00:00,1
2024-11-10 18:00:00,2024-11-10 18:00:00,1
2025-03-09 18:00:00,2025-03-09 18:00:00,1
2025-03-08 07:00:00,2025-03-08 07:00:00,1
2025-03-07 22:00:00,2025-03-07 22:00:00,1
2025-03-07 10:00:00,2025-03-07 10:00:00,1
2023-11-15 17:00:00,2023-11-15 17:00:00,1
2023-11-10 00:00:00,2023-11-10 00:00:00,1
2023-11-08 18:00:00,2023-11-08 18:00:00,1
2023-11-08 12:00:00,2023-11-08 12:00:00,1
2023-11-04 05:00:00,2023-11-04 05:00:00,1
2023-10-30 14:00:00,2023-10-30 14:00:00,1
2025-03-03 16:00:00,2025-03-03 16:00:00,1
2025-02-27 11:00:00,2025-02-27 11:00:00,1
2025-02-25 17:00:00,2025-02-25 17:00:00,1
2025-02-15 00:00:00,2025-02-15 00:00:00,1
2025-02-14 12:00:00,2025-02-14 12:00:00,1
2023-12-11 04:00:00,2023-12-11 04:00:00,1
2023-10-03 16:00:00,2023-10-03 16:00:00,1
2023-09-30 03:00:00,2023-09-30 03:00:00,1
2023-09-29 17:00:00,2023-09-29 17:00:00,1
2023-09-26 12:00:00,2023-09-26 12:00:00,1
2023-09-26 05:00:00,2023-09-26 05:00:00,1
2025-03-26 04:00:00,2025-03-26 04:00:00,1
2025-03-22 05:00:00,2025-03-22 05:00:00,1
2025-03-21 13:00:00,2025-03-21 13:00:00,1
2025-03-14 18:00:00,2025-03-14 18:00:00,1
2025-03-13 18:00:00,2025-03-13 18:00:00,1
2025-03-12 17:00:00,2025-03-12 17:00:00,1
2023-10-22 18:00:00,2023-10-22 18:00:00,1
2023-10-18 04:00:00,2023-10-18 04:00:00,1
2023-10-11 13:00:00,2023-10-11 13:00:00,1
2023-10-08 23:00:00,2023-10-08 23:00:00,1
2025-03-10 05:00:00,2025-03-10 05:00:00,1
2023-10-08 17:00:00,2023-10-08 17:00:00,1
2024-03-02 23:00:00,2024-03-02 23:00:00,1
2024-02-29 07:00:00,2024-02-29 07:00:00,1
2024-02-29 00:00:00,2024-02-29 00:00:00,1
2024-02-28 17:00:00,2024-02-28 17:00:00,1
2024-02-27 18:00:00,2024-02-27 18:00:00,1
2024-02-27 15:00:00,2024-02-27 15:00:00,1
2024-02-27 13:00:00,2024-02-27 13:00:00,1
2024-10-25 18:00:00,2024-10-25 18:00:00,1
2024-10-25 15:00:00,2024-10-25 15:00:00,1
2024-10-21 20:00:00,2024-10-21 20:00:00,1
2024-10-21 04:00:00,2024-10-21 04:00:00,1
2024-10-17 21:00:00,2024-10-17 21:00:00,1
2024-10-15 05:00:00,2024-10-15 05:00:00,1
2024-10-15 02:00:00,2024-10-15 02:00:00,1
2024-10-14 05:00:00,2024-10-14 05:00:00,1
2024-10-13 20:00:00,2024-10-13 20:00:00,1
2024-03-17 05:00:00,2024-03-17 05:00:00,1
2024-03-09 14:00:00,2024-03-09 14:00:00,1
2024-10-12 18:00:00,2024-10-12 18:00:00,1
2024-10-10 07:00:00,2024-10-10 07:00:00,1
2024-10-10 01:00:00,2024-10-10 01:00:00,1
2025-04-24 11:00:00,2025-04-24 11:00:00,1
2025-04-24 09:00:00,2025-04-24 09:00:00,1
2025-04-21 09:00:00,2025-04-21 09:00:00,1
2025-04-21 00:00:00,2025-04-21 00:00:00,1
2025-04-20 21:00:00,2025-04-20 21:00:00,1
2025-04-20 18:00:00,2025-04-20 18:00:00,1
2025-04-11 12:00:00,2025-04-11 12:00:00,1
2025-04-08 17:00:00,2025-04-08 17:00:00,1
2025-04-04 20:00:00,2025-04-04 20:00:00,1
2025-03-30 13:00:00,2025-03-30 13:00:00,1
2023-09-04 19:00:00,2023-09-04 19:00:00,1
2025-05-21 11:00:00,2025-05-21 11:00:00,1
2025-05-18 18:00:00,2025-05-18 18:00:00,1
2025-05-12 03:00:00,2025-05-12 03:00:00,1
2025-05-08 09:00:00,2025-05-08 09:00:00,1
2025-05-07 12:00:00,2025-05-07 12:00:00,1
2025-05-07 10:00:00,2025-05-07 10:00:00,1
2025-05-05 18:00:00,2025-05-05 18:00:00,1
2023-09-24 15:00:00,2023-09-24 15:00:00,1
2023-09-24 02:00:00,2023-09-24 02:00:00,1
2023-09-22 22:00:00,2023-09-22 22:00:00,1
2023-09-18 00:00:00,2023-09-18 00:00:00,1
2023-09-14 19:00:00,2023-09-14 19:00:00,1
2023-09-14 01:00:00,2023-09-14 01:00:00,1
2025-05-04 13:00:00,2025-05-04 13:00:00,1
2025-04-26 12:00:00,2025-04-26 12:00:00,1
2024-04-01 01:00:00,2024-04-01 01:00:00,1
2024-03-31 21:00:00,2024-03-31 21:00:00,1
2024-03-29 05:00:00,2024-03-29 05:00:00,1
2024-03-25 16:00:00,2024-03-25 16:00:00,1
2024-03-24 11:00:00,2024-03-24 11:00:00,1
2024-10-01 05:00:00,2024-10-01 05:00:00,1
2024-09-29 16:00:00,2024-09-29 16:00:00,1
2024-09-29 10:00:00,2024-09-29 10:00:00,1
2024-09-28 03:00:00,2024-09-28 03:00:00,1
2024-09-26 15:00:00,2024-09-26 15:00:00,1
2023-09-11 15:00:00,2023-09-11 15:00:00,1
2023-09-09 03:00:00,2023-09-09 03:00:00,1
2023-09-09 01:00:00,2023-09-09 01:00:00,1
2023-09-07 05:00:00,2023-09-07 05:00:00,1
2023-09-06 19:00:00,2023-09-06 19:00:00,1
2023-09-04 21:00:00,2023-09-04 21:00:00,1
2023-08-19 19:00:00,2023-08-19 19:00:00,1
2023-08-19 16:00:00,2023-08-19 16:00:00,1
2023-08-18 19:00:00,2023-08-18 19:00:00,1
2023-08-18 05:00:00,2023-08-18 05:00:00,1
2023-09-01 19:00:00,2023-09-01 19:00:00,1
2023-09-01 17:00:00,2023-09-01 17:00:00,1
2023-09-01 06:00:00,2023-09-01 06:00:00,1
2023-08-30 23:00:00,2023-08-30 23:00:00,1
2023-08-30 12:00:00,2023-08-30 12:00:00,1
2023-08-26 01:00:00,2023-08-26 01:00:00,1
2025-05-28 21:00:00,2025-05-28 21:00:00,1
2025-05-24 04:00:00,2025-05-24 04:00:00,1
2025-05-24 01:00:00,2025-05-24 01:00:00,1
2025-05-22 22:00:00,2025-05-22 22:00:00,1
2025-05-21 18:00:00,2025-05-21 18:00:00,1
2025-05-21 16:00:00,2025-05-21 16:00:00,1
2024-04-08 05:00:00,2024-04-08 05:00:00,1
2024-04-07 13:00:00,2024-04-07 13:00:00,1
2024-04-07 10:00:00,2024-04-07 10:00:00,1
2024-04-06 21:00:00,2024-04-06 21:00:00,1
2024-04-06 08:00:00,2024-04-06 08:00:00,1
2024-04-04 04:00:00,2024-04-04 04:00:00,1
2024-04-01 13:00:00,2024-04-01 13:00:00,1
2024-09-24 07:00:00,2024-09-24 07:00:00,1
2025-06-13 04:00:00,2025-06-13 04:00:00,1
2025-06-10 06:00:00,2025-06-10 06:00:00,1
2025-06-10 01:00:00,2025-06-10 01:00:00,1
2025-06-08 12:00:00,2025-06-08 12:00:00,1
2025-06-02 12:00:00,2025-06-02 12:00:00,1
2025-06-01 20:00:00,2025-06-01 20:00:00,1
2023-08-20 04:00:00,2023-08-20 04:00:00,1
2023-08-20 00:00:00,2023-08-20 00:00:00,1
2024-09-04 23:00:00,2024-09-04 23:00:00,1
2024-04-12 15:00:00,2024-04-12 15:00:00,1
2024-04-11 02:00:00,2024-04-11 02:00:00,1
2024-04-10 18:00:00,2024-04-10 18:00:00,1
2024-04-10 16:00:00,2024-04-10 16:00:00,1
2024-04-10 05:00:00,2024-04-10 05:00:00,1
2023-07-05 19:00:00,2023-07-05 19:00:00,1
2023-07-03 19:00:00,2023-07-03 19:00:00,1
2023-08-04 08:00:00,2023-08-04 08:00:00,1
2023-08-03 07:00:00,2023-08-03 07:00:00,1
2023-08-02 17:00:00,2023-08-02 17:00:00,1
2023-08-02 08:00:00,2023-08-02 08:00:00,1
2023-08-02 05:00:00,2023-08-02 05:00:00,1
2025-06-17 21:00:00,2025-06-17 21:00:00,1
2025-06-16 10:00:00,2025-06-16 10:00:00,1
2025-06-14 13:00:00,2025-06-14 13:00:00,1
2023-06-15 09:00:00,2023-06-15 09:00:00,1
2023-07-03 07:00:00,2023-07-03 07:00:00,1
2023-07-02 12:00:00,2023-07-02 12:00:00,1
2023-06-25 18:00:00,2023-06-25 18:00:00,1
2023-06-24 11:00:00,2023-06-24 11:00:00,1
2023-06-23 19:00:00,2023-06-23 19:00:00,1
2023-06-22 19:00:00,2023-06-22 19:00:00,1
2023-06-21 00:00:00,2023-06-21 00:00:00,1
2025-07-03 09:00:00,2025-07-03 09:00:00,1
2025-06-25 13:00:00,2025-06-25 13:00:00,1
2023-07-31 21:00:00,2023-07-31 21:00:00,1
2023-07-31 08:00:00,2023-07-31 08:00:00,1
2023-07-20 20:00:00,2023-07-20 20:00:00,1
2024-09-10 19:00:00,2024-09-10 19:00:00,1
2024-09-09 15:00:00,2024-09-09 15:00:00,1
2024-09-06 15:00:00,2024-09-06 15:00:00,1
2025-07-28 18:00:00,2025-07-28 18:00:00,1
2024-04-22 12:00:00,2024-04-22 12:00:00,1
2024-04-19 05:00:00,2024-04-19 05:00:00,1
2024-04-17 17:00:00,2024-04-17 17:00:00,1
2024-04-17 14:00:00,2024-04-17 14:00:00,1
2024-08-27 22:00:00,2024-08-27 22:00:00,1
2024-08-25 18:00:00,2024-08-25 18:00:00,1
2024-08-23 13:00:00,2024-08-23 13:00:00,1
2025-07-27 02:00:00,2025-07-27 02:00:00,1
2025-07-25 03:00:00,2025-07-25 03:00:00,1
2025-07-09 13:00:00,2025-07-09 13:00:00,1
2025-07-08 19:00:00,2025-07-08 19:00:00,1
2023-06-19 08:00:00,2023-06-19 08:00:00,1
2023-06-17 18:00:00,2023-06-17 18:00:00,1
2023-06-17 15:00:00,2023-06-17 15:00:00,1
2023-06-17 13:00:00,2023-06-17 13:00:00,1
2024-04-27 09:00:00,2024-04-27 09:00:00,1
2024-08-22 19:00:00,2024-08-22 19:00:00,1
2024-08-19 03:00:00,2024-08-19 03:00:00,1
2024-08-18 21:00:00,2024-08-18 21:00:00,1
2024-08-18 17:00:00,2024-08-18 17:00:00,1
2024-08-18 15:00:00,2024-08-18 15:00:00,1
2024-08-18 00:00:00,2024-08-18 00:00:00,1
2025-08-08 13:00:00,2025-08-08 13:00:00,1
2025-08-02 19:00:00,2025-08-02 19:00:00,1
2023-06-13 08:00:00,2023-06-13 08:00:00,1
2023-06-11 19:00:00,2023-06-11 19:00:00,1
2023-06-10 22:00:00,2023-06-10 22:00:00,1
2023-06-08 22:00:00,2023-06-08 22:00:00,1
2023-06-08 13:00:00,2023-06-08 13:00:00,1
2025-08-01 19:00:00,2025-08-01 19:00:00,1
2025-08-01 12:00:00,2025-08-01 12:00:00,1
2025-08-24 22:00:00,2025-08-24 22:00:00,1
2025-08-23 19:00:00,2025-08-23 19:00:00,1
2025-08-20 11:00:00,2025-08-20 11:00:00,1
2025-08-17 15:00:00,2025-08-17 15:00:00,1
2023-06-07 02:00:00,2023-06-07 02:00:00,1
2023-06-01 21:00:00,2023-06-01 21:00:00,1
2023-06-01 15:00:00,2023-06-01 15:00:00,1
2023-05-25 05:00:00,2023-05-25 05:00:00,1
2023-05-24 18:00:00,2023-05-24 18:00:00,1
2023-05-24 04:00:00,2023-05-24 04:00:00,1
2023-05-23 21:00:00,2023-05-23 21:00:00,1
2025-08-15 15:00:00,2025-08-15 15:00:00,1
2025-08-11 19:00:00,2025-08-11 19:00:00,1
2025-08-10 17:00:00,2025-08-10 17:00:00,1
2025-08-08 21:00:00,2025-08-08 21:00:00,1
2024-04-27 22:00:00,2024-04-27 22:00:00,1
2024-08-16 07:00:00,2024-08-16 07:00:00,1
2024-05-20 17:00:00,2024-05-20 17:00:00,1
2024-05-09 20:00:00,2024-05-09 20:00:00,1
2024-05-06 01:00:00,2024-05-06 01:00:00,1
2024-05-03 18:00:00,2024-05-03 18:00:00,1
2024-05-02 05:00:00,2024-05-02 05:00:00,1
2024-08-10 18:00:00,2024-08-10 18:00:00,1
2024-08-09 06:00:00,2024-08-09 06:00:00,1
2024-08-08 21:00:00,2024-08-08 21:00:00,1
2025-08-29 11:00:00,2025-08-29 11:00:00,1
2023-05-21 07:00:00,2023-05-21 07:00:00,1
2023-05-20 21:00:00,2023-05-20 21:00:00,1
2023-05-16 10:00:00,2023-05-16 10:00:00,1
2023-05-16 04:00:00,2023-05-16 04:00:00,1
2023-05-14 13:00:00,2023-05-14 13:00:00,1
2023-05-12 13:00:00,2023-05-12 13:00:00,1
2025-09-09 08:00:00,2025-09-09 08:00:00,1
2025-09-08 20:00:00,2025-09-08 20:00:00,1
2025-09-08 18:00:00,2025-09-08 18:00:00,1
2025-09-07 19:00:00,2025-09-07 19:00:00,1
2025-09-04 18:00:00,2025-09-04 18:00:00,1
2023-05-11 18:00:00,2023-05-11 18:00:00,1
2023-05-11 05:00:00,2023-05-11 05:00:00,1
2023-05-09 05:00:00,2023-05-09 05:00:00,1
2023-05-07 14:00:00,2023-05-07 14:00:00,1
2023-05-06 10:00:00,2023-05-06 10:00:00,1
2023-05-01 22:00:00,2023-05-01 22:00:00,1
2025-09-03 19:00:00,2025-09-03 19:00:00,1
2025-09-03 05:00:00,2025-09-03 05:00:00,1
2025-09-02 03:00:00,2025-09-02 03:00:00,1
2025-09-01 11:00:00,2025-09-01 11:00:00,1
2025-08-29 19:00:00,2025-08-29 19:00:00,1
2025-09-22 16:00:00,2025-09-22 16:00:00,1
2025-09-21 23:00:00,2025-09-21 23:00:00,1
2025-09-16 10:00:00,2025-09-16 10:00:00,1
2025-09-13 21:00:00,2025-09-13 21:00:00,1
2025-09-12 05:00:00,2025-09-12 05:00:00,1
2025-09-11 23:00:00,2025-09-11 23:00:00,1
2025-09-11 21:00:00,2025-09-11 21:00:00,1
2023-04-27 05:00:00,2023-04-27 05:00:00,1
2023-04-22 18:00:00,2023-04-22 18:00:00,1
2023-04-22 14:00:00,2023-04-22 14:00:00,1
2023-04-22 05:00:00,2023-04-22 05:00:00,1
2023-04-22 03:00:00,2023-04-22 03:00:00,1
2023-04-21 23:00:00,2023-04-21 23:00:00,1
2023-04-20 20:00:00,2023-04-20 20:00:00,1
2023-04-20 08:00:00,2023-04-20 08:00:00,1
2025-09-09 18:00:00,2025-09-09 18:00:00,1
2024-08-07 13:00:00,2024-08-07 13:00:00,1
2024-05-30 18:00:00,2024-05-30 18:00:00,1
2024-05-29 18:00:00,2024-05-29 18:00:00,1
2024-05-27 00:00:00,2024-05-27 00:00:00,1
2024-05-25 14:00:00,2024-05-25 14:00:00,1
2024-05-23 19:00:00,2024-05-23 19:00:00,1
2024-08-06 18:00:00,2024-08-06 18:00:00,1
2024-08-06 16:00:00,2024-08-06 16:00:00,1
2024-08-06 04:00:00,2024-08-06 04:00:00,1
2024-06-05 03:00:00,2024-06-05 03:00:00,1
2024-06-04 23:00:00,2024-06-04 23:00:00,1
2023-04-20 05:00:00,2023-04-20 05:00:00,1
2023-04-13 10:00:00,2023-04-13 10:00:00,1
2023-04-09 04:00:00,2023-04-09 04:00:00,1
2023-04-05 15:00:00,2023-04-05 15:00:00,1
2023-04-02 05:00:00,2023-04-02 05:00:00,1
2025-10-13 04:00:00,2025-10-13 04:00:00,1
2025-10-12 22:00:00,2025-10-12 22:00:00,1
2025-10-12 04:00:00,2025-10-12 04:00:00,1
2025-10-12 00:00:00,2025-10-12 00:00:00,1
2025-10-09 20:00:00,2025-10-09 20:00:00,1
2025-10-09 18:00:00,2025-10-09 18:00:00,1
2025-10-09 05:00:00,2025-10-09 05:00:00,1
2023-04-01 06:00:00,2023-04-01 06:00:00,1
2025-10-08 23:00:00,2025-10-08 23:00:00,1
2025-10-07 08:00:00,2025-10-07 08:00:00,1
2025-10-04 04:00:00,2025-10-04 04:00:00,1
2025-09-30 20:00:00,2025-09-30 20:00:00,1
2025-09-30 17:00:00,2025-09-30 17:00:00,1
2025-09-27 11:00:00,2025-09-27 11:00:00,1
2025-09-27 04:00:00,2025-09-27 04:00:00,1
2025-09-25 23:00:00,2025-09-25 23:00:00,1
2025-10-18 04:00:00,2025-10-18 04:00:00,1
2024-06-04 21:00:00,2024-06-04 21:00:00,1
2024-06-04 17:00:00,2024-06-04 17:00:00,1
2024-05-31 19:00:00,2024-05-31 19:00:00,1
2024-05-31 01:00:00,2024-05-31 01:00:00,1
2024-07-19 18:00:00,2024-07-19 18:00:00,1
2024-07-18 22:00:00,2024-07-18 22:00:00,1
2024-07-13 00:00:00,2024-07-13 00:00:00,1
2024-07-11 20:00:00,2024-07-11 20:00:00,1
2025-10-17 17:00:00,2025-10-17 17:00:00,1
2023-03-20 20:00:00,2023-03-20 20:00:00,1
2023-03-20 18:00:00,2023-03-20 18:00:00,1
2023-03-17 08:00:00,2023-03-17 08:00:00,1
2023-03-15 22:00:00,2023-03-15 22:00:00,1
2023-03-13 22:00:00,2023-03-13 22:00:00,1
2023-03-09 14:00:00,2023-03-09 14:00:00,1
2025-11-12 12:00:00,2025-11-12 12:00:00,1
2025-11-08 21:00:00,2025-11-08 21:00:00,1
2025-11-08 18:00:00,2025-11-08 18:00:00,1
2025-11-08 12:00:00,2025-11-08 12:00:00,1
2025-11-07 07:00:00,2025-11-07 07:00:00,1
2025-11-07 02:00:00,2025-11-07 02:00:00,1
2023-02-27 18:00:00,2023-02-27 18:00:00,1
2023-02-27 07:00:00,2023-02-27 07:00:00,1
2023-02-21 14:00:00,2023-02-21 14:00:00,1
2023-02-18 12:00:00,2023-02-18 12:00:00,1
2023-02-18 05:00:00,2023-02-18 05:00:00,1
2025-11-06 23:00:00,2025-11-06 23:00:00,1
2025-11-05 04:00:00,2025-11-05 04:00:00,1
2025-10-31 09:00:00,2025-10-31 09:00:00,1
2025-10-30 12:00:00,2025-10-30 12:00:00,1
2025-10-29 11:00:00,2025-10-29 11:00:00,1
2024-06-12 19:00:00,2024-06-12 19:00:00,1
2024-06-11 23:00:00,2024-06-11 23:00:00,1
2024-06-07 07:00:00,2024-06-07 07:00:00,1
2024-06-06 08:00:00,2024-06-06 08:00:00,1
2024-06-05 20:00:00,2024-06-05 20:00:00,1
2024-07-05 17:00:00,2024-07-05 17:00:00,1
2024-07-05 13:00:00,2024-07-05 13:00:00,1
2024-06-27 17:00:00,2024-06-27 17:00:00,1
2024-06-27 03:00:00,2024-06-27 03:00:00,1
2024-06-25 21:00:00,2024-06-25 21:00:00,1
2024-06-24 21:00:00,2024-06-24 21:00:00,1
2025-11-23 19:00:00,2025-11-23 19:00:00,1
2025-11-23 15:00:00,2025-11-23 15:00:00,1
2025-11-23 13:00:00,2025-11-23 13:00:00,1
2025-11-16 15:00:00,2025-11-16 15:00:00,1
2025-11-15 14:00:00,2025-11-15 14:00:00,1
2023-02-06 15:00:00,2023-02-06 15:00:00,1
2025-12-23 23:00:00,2025-12-23 23:00:00,1
2025-12-22 23:00:00,2025-12-22 23:00:00,1
2025-12-22 13:00:00,2025-12-22 13:00:00,1
2025-12-20 13:00:00,2025-12-20 13:00:00,1
2025-12-18 17:00:00,2025-12-18 17:00:00,1
2025-12-16 13:00:00,2025-12-16 13:00:00,1
2025-12-15 18:00:00,2025-12-15 18:00:00,1
2025-12-13 10:00:00,2025-12-13 10:00:00,1
2025-12-12 22:00:00,2025-12-12 22:00:00,1
2025-12-10 05:00:00,2025-12-10 05:00:00,1
2025-12-07 10:00:00,2025-12-07 10:00:00,1
2025-12-06 05:00:00,2025-12-06 05:00:00,1
2025-11-29 08:00:00,2025-11-29 08:00:00,1
2025-11-24 18:00:00,2025-11-24 18:00:00,1
2024-07-11 18:00:00,2024-07-11 18:00:00,1
2026-03-23 18:00:00,2026-03-23 18:00:00,1
2023-01-12 00:00:00,2023-01-12 00:00:00,1
2026-03-17 14:00:00,2026-03-17 14:00:00,1
2026-03-17 02:00:00,2026-03-17 02:00:00,1
2026-03-17 00:00:00,2026-03-17 00:00:00,1
2026-03-16 21:00:00,2026-03-16 21:00:00,1
2026-03-14 06:00:00,2026-03-14 06:00:00,1
2026-03-11 00:00:00,2026-03-11 00:00:00,1
2023-01-21 22:00:00,2023-01-21 22:00:00,1
2023-01-19 23:00:00,2023-01-19 23:00:00,1
2023-01-14 00:00:00,2023-01-14 00:00:00,1
2023-01-13 18:00:00,2023-01-13 18:00:00,1
2023-01-13 16:00:00,2023-01-13 16:00:00,1
2023-01-11 15:00:00,2023-01-11 15:00:00,1
2026-01-16 18:00:00,2026-01-16 18:00:00,1
2024-06-24 19:00:00,2024-06-24 19:00:00,1
2024-02-23 18:00:00,2024-02-23 18:00:00,1
2024-02-22 12:00:00,2024-02-22 12:00:00,1
2024-02-22 10:00:00,2024-02-22 10:00:00,1
2024-02-21 21:00:00,2024-02-21 21:00:00,1
2024-02-20 11:00:00,2024-02-20 11:00:00,1
2024-02-10 11:00:00,2024-02-10 11:00:00,1
2024-02-04 22:00:00,2024-02-04 22:00:00,1
2024-11-13 10:00:00,2024-11-13 10:00:00,1
2023-02-01 14:00:00,2023-02-01 14:00:00,1
2023-01-22 04:00:00,2023-01-22 04:00:00,1
2026-02-05 05:00:00,2026-02-05 05:00:00,1
2026-02-04 04:00:00,2026-02-04 04:00:00,1
2026-01-18 18:00:00,2026-01-18 18:00:00,1
2026-03-22 04:00:00,2026-03-22 04:00:00,1
2026-03-22 02:00:00,2026-03-22 02:00:00,1
2023-01-05 23:00:00,2023-01-05 23:00:00,1
